table_id,file_path,title,domain,source_name,source_type,row_granularity,row_count,column_count,date_start,date_end,license,is_synthetic,sha256
tbl_001,raw_tables/healthcare/tbl_001.csv,Monthly hospital admissions by diagnosis group,healthcare,NorthCare Network,hospital_information_system,hospital-month-diagnosis,90,6,2025-01,2025-06,Synthetic coursework data,true,dfd5637a2040cc0bc743ce45e5e957fc4a9ef990097bc545ae067b10799ccd08
tbl_002,raw_tables/healthcare/tbl_002.csv,Emergency department waiting times,healthcare,Regional Health Authority,regulatory_report,facility-month,60,6,2025-01,2025-12,Synthetic coursework data,true,443c66918e6c23a792df137daf76e612690f57ebd7613017ec42efc90de36121
tbl_003,raw_tables/healthcare/tbl_003.csv,Hospital bed occupancy by department,healthcare,NorthCare Network,capacity_management_export,hospital-department-month,90,6,2025-01,2025-06,Synthetic coursework data,true,c9a5f6921d68d5e7a26f0e02d9fac5ea8769c87cada3769ba3462a3226c143a0
tbl_004,raw_tables/healthcare/tbl_004.csv,Clinical staffing levels by department,healthcare,Health Workforce Registry,workforce_snapshot,hospital-department-quarter,60,7,2024-Q1,2024-Q4,Synthetic coursework data,true,4553c13640367b01dd4413c87ffabec6c35757c4c6f6b7161b9dd3cca917ded7
tbl_005,raw_tables/healthcare/tbl_005.csv,Thirty-day hospital readmission rates,healthcare,Regional Quality Observatory,quality_measure_export,hospital-diagnosis-quarter,80,6,2024-Q1,2024-Q4,Synthetic coursework data,true,d3d3f45aa4c3c858524aaa8470582a389b5827066dc08cd0a939ba896afb5e6b
tbl_006,raw_tables/healthcare/tbl_006.csv,Outpatient appointment activity,healthcare,NorthCare Scheduling Service,appointment_system,hospital-month,60,6,2025-01,2025-12,Synthetic coursework data,true,571af55adda0422c7d7155f3f073f9f642a089fb7da920a6eb43a3ba5ea7f988
tbl_007,raw_tables/healthcare/tbl_007.csv,Ambulance arrivals at emergency facilities,healthcare,Regional Emergency Medical Service,dispatch_export,district-month,60,6,2025-01,2025-12,Synthetic coursework data,true,6fe09dbc8fd5453778b29aeab61c80c36697cb2fd111aa46922dc9dcd690b8b9
tbl_008,raw_tables/healthcare/tbl_008.csv,Scheduled surgery cancellations,healthcare,Regional Surgical Services,operating_theatre_export,hospital-month,60,7,2025-01,2025-12,Synthetic coursework data,true,6016c1ece3b75edc39a8403a468f1f63fe71027d5767e7e00ac6164bdfc73aae
tbl_009,raw_tables/healthcare/tbl_009.csv,Diagnostic imaging examination volumes,healthcare,Regional Imaging Consortium,radiology_activity_export,hospital-modality-quarter,60,6,2024-Q1,2024-Q4,Synthetic coursework data,true,6b24ea60a8d597f562d075fd4ea294cbd165cb5106a17b270ffbee0d08bdeab3
tbl_010,raw_tables/public_safety/tbl_010.csv,Reported crime incidents by category,public_safety,Metropolitan Police Records Unit,incident_registry,district-month-crime-category,120,6,2025-01,2025-06,Synthetic coursework data,true,30afece57b20167941bafa9b2ccfbabb541bf3c955fecff9588f575c100762d4
tbl_011,raw_tables/public_safety/tbl_011.csv,Arrests by offence category,public_safety,Metropolitan Police Custody Service,custody_export,district-month-offence,120,6,2025-01,2025-06,Synthetic coursework data,true,2174e4cb875986a49fa870ba32486290f17311d1d7f6f2faf5e1264e1b6992dd
tbl_012,raw_tables/public_safety/tbl_012.csv,Police emergency response times,public_safety,Public Safety Dispatch Center,dispatch_performance_export,district-month-priority,120,6,2025-01,2025-08,Synthetic coursework data,true,6caf38eb9a2d7b96e07b909459b2e2ed7cb1e051499c6615898082861bc192b8
tbl_013,raw_tables/public_safety/tbl_013.csv,Road traffic accidents by severity,public_safety,Road Safety Observatory,collision_registry,district-month-severity,120,7,2025-01,2025-12,Synthetic coursework data,true,b0e892661388105a5ae19b480f68b643d28fff50b42ab918d788bee4fa29dd59
tbl_014,raw_tables/public_safety/tbl_014.csv,Stolen vehicle reports and recoveries,public_safety,Vehicle Crime Unit,vehicle_crime_export,district-quarter-vehicle-type,60,6,2024-Q1,2024-Q4,Synthetic coursework data,true,e31f5253688a8c1b08db41616f1fa86f76948c9fd8a2c51cadd50544ebcaf4a2
tbl_015,raw_tables/public_safety/tbl_015.csv,Fire and rescue incidents,public_safety,Regional Fire and Rescue Service,incident_management_export,district-month-incident-type,90,7,2025-01,2025-06,Synthetic coursework data,true,62fc53881d6467b2cd2b0fdc21c1613477ed12c759be4f7902821ff93df0618e
tbl_016,raw_tables/public_safety/tbl_016.csv,Municipal noise complaints,public_safety,Civic Service Desk,citizen_request_export,district-month,60,6,2025-01,2025-12,Synthetic coursework data,true,a06a0c38f16e9c08272d0ade83b350333fc077117a0e86579922210317589b2f
tbl_017,raw_tables/public_safety/tbl_017.csv,Lost and stolen property reports,public_safety,Metropolitan Police Property Office,property_report_export,district-month-property-category,90,6,2025-01,2025-06,Synthetic coursework data,true,94baa915d274aac89ac7862650e3dd8182e6d76c5a27facbc7586fcf64eeab84
tbl_018,raw_tables/public_safety/tbl_018.csv,Road enforcement checks and outcomes,public_safety,Traffic Enforcement Directorate,roadside_check_export,district-month-outcome,90,6,2025-01,2025-06,Synthetic coursework data,true,dc164d9521a58fb7739510bf42ed07655245bcd65af21e3ff6befcdf04ad868f
tbl_019,raw_tables/software_engineering/tbl_019.csv,Repository issue activity,software_engineering,ForgeHub Analytics Export,source_control_export,repository-month-issue-type,120,7,2025-01,2025-08,Synthetic coursework data,true,97b021c52800a8ed42fa7b7f35b07f18f586387f957a8c03471e655cc608e4d0
tbl_020,raw_tables/software_engineering/tbl_020.csv,Application deployment activity,software_engineering,Deployment Control Plane,cicd_deployment_export,service-month-environment,120,7,2025-01,2025-12,Synthetic coursework data,true,aba77665e33901b2aed9cfec7b2fc745bcfd2504c900971c91180f23b138c37b
tbl_021,raw_tables/software_engineering/tbl_021.csv,Production incidents by severity,software_engineering,SRE Incident Observatory,incident_management_export,service-month-severity,120,7,2025-01,2025-08,Synthetic coursework data,true,61763c7a3d52b2d49bb9e59c7763bdb2f5213b41e991896801ebae6b854d1232
tbl_022,raw_tables/software_engineering/tbl_022.csv,Code review performance by engineering team,software_engineering,Engineering Productivity Warehouse,code_review_export,team-month,60,7,2025-01,2025-12,Synthetic coursework data,true,cd29ff87ebdcbcdf5f431daf5a337950865e28ce53750ad72bf5c2e860ec29f3
tbl_023,raw_tables/software_engineering/tbl_023.csv,Monthly service reliability and latency,software_engineering,Application Performance Monitor,observability_export,service-month,60,7,2025-01,2025-12,Synthetic coursework data,true,5544647c6bff046a011d430b04344f87639e687b24d9b8207978393f881d76af
tbl_024,raw_tables/software_engineering/tbl_024.csv,Continuous integration pipeline runs,software_engineering,Build Automation Service,cicd_pipeline_export,repository-month,60,7,2025-01,2025-12,Synthetic coursework data,true,33c2bef14ef3702e6f4debb0e89c5f43d7d8bad8b754a6897209d891914828b3
tbl_025,raw_tables/software_engineering/tbl_025.csv,Detected software vulnerabilities,software_engineering,SecureBuild Scanner,security_scanner_export,repository-quarter-severity,60,7,2024-Q1,2024-Q4,Synthetic coursework data,true,64f5b84b6ae25e6abb7d11194468831c7036abb9c608f04ee084a1599f7d6267
tbl_026,raw_tables/software_engineering/tbl_026.csv,Cloud infrastructure cost by service,software_engineering,Cloud Billing Export,cost_management_export,service-month,60,7,2025-01,2025-12,Synthetic coursework data,true,0fe39a682be88bc99a524511d7567867629b828fd108453425ca9bac48a33be3
tbl_027,raw_tables/software_engineering/tbl_027.csv,Application support tickets,software_engineering,Customer Support Desk,ticketing_system_export,service-month-ticket-category,120,7,2025-01,2025-08,Synthetic coursework data,true,9d09d3c91eea3e0d38f42223379eb917800217e99742734120de4964f05428de
tbl_028,raw_tables/employment/tbl_028.csv,Advertised job vacancies by role and region,employment,Labor Market Observatory,vacancy_statistics_export,region-month-occupation,120,7,2025-01,2025-06,Synthetic coursework data,true,177f7e6caf0da589c21d51a21368b0b230e7f60979b3735bc1942808dbea80ee
tbl_029,raw_tables/employment/tbl_029.csv,Salary statistics by occupation and experience,employment,TalentBridge Compensation Survey,salary_survey,occupation-experience-region,60,7,2025,2025,Synthetic coursework data,true,397bc2693b28bba5b2acbbaf1bffbe95ac7fc796800cc117623ade85b620d3cc
tbl_030,raw_tables/employment/tbl_030.csv,Skills mentioned in job advertisements,employment,Skills Intelligence Service,job_posting_analysis,occupation-skill-quarter,60,6,2024-Q1,2024-Q4,Synthetic coursework data,true,22a8d9423edcdd355fcd289494bf0079c5a621b5331e437f21dc2a98a299878d
tbl_031,raw_tables/employment/tbl_031.csv,Recruitment agency candidate placements,employment,TalentBridge Staffing Agency,placement_system_export,region-month-sector,120,7,2025-01,2025-06,Synthetic coursework data,true,3b76506b49ae1ca7a588cc88266edb028c7bd881a13e589f090aed3306dccdd1
tbl_032,raw_tables/employment/tbl_032.csv,Regional employment by industry,employment,National Workforce Statistics Office,labor_force_statistics,region-quarter-industry,80,6,2024-Q1,2024-Q4,Synthetic coursework data,true,c1eb5113f8d917eda143e7c9fbd5d80cc36d1daeb6c5338cbd47ed8ab02165fa
tbl_033,raw_tables/employment/tbl_033.csv,Recruitment time to hire,employment,TalentBridge Staffing Agency,recruitment_process_export,occupation-region-quarter,80,7,2024-Q1,2024-Q4,Synthetic coursework data,true,bf3a71834c910213e8266950c8f067a4547e526e4f6c390f1754f7bc9b6a9c58
tbl_034,raw_tables/employment/tbl_034.csv,Remote and hybrid work availability,employment,Labor Market Observatory,job_posting_analysis,occupation-region,20,6,2025,2025,Synthetic coursework data,true,24d0ca079abcd9d24783d28e5080e985afd99e8fa81706d9daf235cc368d4442
tbl_035,raw_tables/employment/tbl_035.csv,Workforce training programme completions,employment,Workforce Training Registry,training_outcomes_export,region-program-quarter,60,7,2024-Q1,2024-Q4,Synthetic coursework data,true,741dfd3982828284630fbfb4f6f4bc535cba548a390f1bdd6e0183f367695fa0
tbl_036,raw_tables/football/tbl_036.csv,National League match results,football,League Match Operations Feed,competition_results_export,match,56,8,2025-08-17,2026-03-30,Synthetic coursework data,true,390ee0ece74889d7f920719e56f3afd237bbdb5c0703d3b8ad25dcde370cbcad
tbl_037,raw_tables/football/tbl_037.csv,National League standings by season,football,League Competition Registry,standings_export,season-team,24,9,2023-24,2025-26,Synthetic coursework data,true,895761baf1073d04fbd580a915c5b23457053b5fa4a7328b6e995129f9da30e7
tbl_038,raw_tables/football/tbl_038.csv,Player performance statistics,football,League Player Analytics,player_statistics_export,player-season,60,9,2025-26,2025-26,Synthetic coursework data,true,e7b0f6235140fdb76248557e1b84021dd460675cb3e8ba65b4ad50b8659a0eda
tbl_039,raw_tables/football/tbl_039.csv,Player disciplinary records,football,League Disciplinary Office,disciplinary_export,player-season,60,8,2025-26,2025-26,Synthetic coursework data,true,fb63791d9cbb337334de205da4fd561dad67be6b9d05ec6444d282a0907e9c12
tbl_040,raw_tables/football/tbl_040.csv,Stadium attendance by match,football,Stadium Operations Network,turnstile_export,match,56,8,2025-08-17,2026-03-30,Synthetic coursework data,true,95f5ff334490eb1ac1198396eda895693b4562961da22b6a5b5625503ffd673f
tbl_041,raw_tables/football/tbl_041.csv,Team shooting statistics by season,football,League Match Analytics,team_performance_export,team-season,24,8,2023-24,2025-26,Synthetic coursework data,true,37b7cd0f1ce5da4be3a1d4b5e4d2ae0fe872929cf292a461747d878136dd6a05
tbl_042,raw_tables/football/tbl_042.csv,Goalkeeper performance statistics,football,League Player Analytics,goalkeeper_statistics_export,goalkeeper-season,24,9,2023-24,2025-26,Synthetic coursework data,true,fc3edf6af4fc52913665ee9ed7b1c2b83fdab493ac125612c646427673a31f1e
tbl_043,raw_tables/football/tbl_043.csv,Player injury absences,football,League Medical Availability Feed,injury_availability_export,injury-record,60,8,2025-08-01,2026-04-30,Synthetic coursework data,true,4dbb40cf18fa6371fda3eeae26bdb13266fd0cda8fc3f563e7a67a6fffbb58cd
tbl_044,raw_tables/tourism/tbl_044.csv,Domestic and international visitor arrivals,tourism,Tourism Market Observatory,tourism_statistics_export,region-month,72,6,2025-01,2025-12,Synthetic coursework data,true,502f6d50b0bae2758cbeac9974c9a56cde3fbe01cbdd68dc27de5027c877159e
tbl_045,raw_tables/tourism/tbl_045.csv,Overnight stays in tourist accommodation,tourism,Tourism Market Observatory,accommodation_statistics_export,region-month,72,6,2025-01,2025-12,Synthetic coursework data,true,df485ba43b522382baf9749fd7153e028c3da09ce4501b3f30367450d0f62ee4
tbl_046,raw_tables/tourism/tbl_046.csv,Hotel room occupancy by category,tourism,Hotel Association Monthly Survey,hotel_survey,region-month-hotel-category,108,7,2025-01,2025-06,Synthetic coursework data,true,390f25f0eccfd954343cb95ff3fcf1f12ed75882c84cfb502060290b9596f04e
tbl_047,raw_tables/tourism/tbl_047.csv,Airport passenger traffic,tourism,Regional Airport Authority,airport_traffic_export,airport-month,72,6,2025-01,2025-12,Synthetic coursework data,true,8ebbdc778fcfd386df8fe545d68db1bb6c492f2cd318f7c6f8c3ee908bf3453b
tbl_048,raw_tables/tourism/tbl_048.csv,Visitor expenditure by origin market and destination,tourism,Tourism Expenditure Survey,visitor_survey,origin-country-destination-quarter,120,7,2024-Q1,2024-Q4,Synthetic coursework data,true,d41a44fdf9463ea4f08371b68ad030c47bdadec4796369bda51dd52a0d676acb
tbl_049,raw_tables/tourism/tbl_049.csv,Cruise ship and passenger arrivals,tourism,Cruise Port Network,port_call_export,port-month,60,6,2025-01,2025-12,Synthetic coursework data,true,ddc90b14e1488945ed3336e9e81e5773b25fb2f2d37e1f47e8a8de0fd46776a5
tbl_050,raw_tables/tourism/tbl_050.csv,Museum visitor admissions,tourism,Cultural Heritage Attendance Service,museum_ticketing_export,museum-month,72,6,2025-01,2025-12,Synthetic coursework data,true,68a2146682706e08fefbead3e9b0f658962282e9d6e2738b1bcb417914da7abe
tbl_051,raw_tables/tourism/tbl_051.csv,Short-term rental market activity,tourism,Destination Accommodation Monitor,rental_market_export,destination-month,72,7,2025-01,2025-12,Synthetic coursework data,true,76093e4cfa1b267983dd04cd1582809120a0fece07ce4da6e8df3e364a848967
tbl_052,raw_tables/weather/tbl_052.csv,Daily temperature observations by weather station,weather,National Weather Observation Network,station_observation_export,station-day,120,7,2025-01-01,2025-12-24,Synthetic coursework data,true,4a14530008ca2e91e3e4d51c4be1ac6cad621d7a00784999767345d18ac150da
tbl_053,raw_tables/weather/tbl_053.csv,Monthly precipitation by region,weather,Regional Climate Observatory,climate_summary_export,region-month,72,6,2025-01,2025-12,Synthetic coursework data,true,bf238d02673dfe696e8de25914909393fa6c6a40922ddf7cab32c7edb880d458
tbl_054,raw_tables/weather/tbl_054.csv,Monthly wind conditions by station,weather,National Weather Observation Network,station_summary_export,station-month,72,6,2025-01,2025-12,Synthetic coursework data,true,47ff294c74f74b24d98190a78e85a94663e2b2db56bdf396b099580e9733943d
tbl_055,raw_tables/weather/tbl_055.csv,Severe weather event records,weather,National Severe Weather Center,event_registry,weather-event,60,8,2024-01-08,2025-12-20,Synthetic coursework data,true,cf7d3982c15cd69c3ada487e396335120a220fcb9f1c903e46cd6227ce099deb
tbl_056,raw_tables/weather/tbl_056.csv,Monthly relative humidity by city,weather,Urban Climate Monitoring Service,urban_weather_export,city-month,72,6,2025-01,2025-12,Synthetic coursework data,true,8ae358e765dafe60d2fc4245356938ecf46afa5818f1f4f0bd158aed8314739a
tbl_057,raw_tables/weather/tbl_057.csv,Monthly sunshine hours by destination,weather,Regional Climate Observatory,climate_summary_export,destination-month,72,6,2025-01,2025-12,Synthetic coursework data,true,fd21c60759a8d162cd0392b783d7b27ff31ca92e430d460845f98c450fef580c
tbl_058,raw_tables/weather/tbl_058.csv,Heating degree days by city,weather,Energy and Climate Statistics Office,degree_day_export,city-month,72,6,2025-01,2025-12,Synthetic coursework data,true,ec1d2b779ad1bb88d7e163d0ec023466d0d6c6c637b26b23c28292cee42361fc
tbl_059,raw_tables/weather/tbl_059.csv,Marine weather conditions by port,weather,Marine Forecast Service,marine_observation_export,port-month,60,7,2025-01,2025-12,Synthetic coursework data,true,5b556f29bfabd95b27bdf361485451f6362154e998aab21a7ca146f2f3be5934
tbl_060,raw_tables/weather/tbl_060.csv,Mountain snowfall and snow depth,weather,Mountain Snow Monitoring Service,snow_station_export,station-week,60,7,2025-01-06,2025-03-24,Synthetic coursework data,true,c53168237d7a4c72cd926d87a73b7854077d0eb647dbf73135d72e8a2607b651
