station_id,station_name,observation_date,minimum_temperature_c,maximum_temperature_c,average_temperature_c,quality_flag
WX01,Athens Central,2025-01-01,3.2,14.2,8.8,validated
WX02,Larissa Plain,2025-01-04,1.7,16.1,7.5,validated
WX03,Ioannina Basin,2025-01-07,5,12.3,9.1,validated
WX04,Rhodes Airport,2025-01-10,1,15.8,7.9,validated
WX05,Heraklion Coast,2025-01-13,0.6,17.2,6.9,validated
WX06,Thessaloniki North,2025-01-16,5.3,13.1,8.6,provisional
WX01,Thessaloniki North,2025-01-19,2.2,14.9,7.2,validated
WX02,Athens Central,2025-01-22,4.8,16.9,7,provisional
WX03,Larissa Plain,2025-01-25,1.7,16.3,10.3,validated
WX04,Ioannina Basin,2025-01-28,2.8,14,8.8,validated
WX05,Rhodes Airport,2025-01-31,5,16.7,6.6,validated
WX06,Heraklion Coast,2025-02-03,4.8,18.5,12,validated
WX01,Heraklion Coast,2025-02-06,6.9,18.3,10.9,provisional
WX02,Thessaloniki North,2025-02-09,7.8,16.3,12.4,validated
WX03,Athens Central,2025-02-12,7.5,17.4,10.5,provisional
WX04,Larissa Plain,2025-02-15,5.4,15.5,13,validated
WX05,Ioannina Basin,2025-02-18,4.8,17.1,11.8,
WX06,Rhodes Airport,2025-02-21,6.9,19.6,11.6,validated
WX01,Rhodes Airport,2025-02-24,4.1,19.8,11.1,validated
WX02,Heraklion Coast,2025-02-27,7.8,17.3,12.4,validated
WX03,Thessaloniki North,2025-03-02,13.7,25.7,15.2,validated
WX04,Athens Central,2025-03-05,9.8,22.9,18.7,provisional
WX05,Larissa Plain,2025-03-08,11.5,20.8,16.2,validated
WX06,Ioannina Basin,2025-03-11,12.2,22.5,15.3,provisional
WX01,Ioannina Basin,2025-03-14,10.9,23.4,18.8,validated
WX02,Rhodes Airport,2025-03-17,13.2,24.7,15.8,validated
WX03,Heraklion Coast,2025-03-20,9.4,22.7,16.1,validated
WX04,Thessaloniki North,2025-03-23,13.1,23,17.1,validated
WX05,Athens Central,2025-03-26,10.1,23,18.7,provisional
WX06,Larissa Plain,2025-03-29,13.7,20.7,18,validated
WX01,Larissa Plain,2025-04-01,15.8,27.7,21.8,provisional
WX02,Ioannina Basin,2025-04-04,17.3,27.9,20.8,validated
WX03,Rhodes Airport,2025-04-07,16.3,30,22.4,validated
WX04,Heraklion Coast,2025-04-10,14.4,25.4,20.6,validated
WX05,Thessaloniki North,2025-04-13,15.6,27.4,24,validated
WX06,Athens Central,2025-04-16,17.5,29,21,validated
WX01,Athens Central,2025-04-19,18.8,27.1,22.3,validated
WX02,Larissa Plain,2025-04-22,14.1,29.8,21.4,provisional
WX03,Ioannina Basin,2025-04-25,14.9,27.3,22,validated
WX04,Rhodes Airport,2025-04-28,18.3,28.6,23.8,provisional
WX05,Heraklion Coast,2025-05-01,22.3,30.1,26.3,validated
WX06,Thessaloniki North,2025-05-04,18.4,34.5,25.3,validated
WX01,Thessaloniki North,2025-05-07,21.7,30.9,26.7,validated
WX02,Athens Central,2025-05-10,22,34.3,27.7,validated
WX03,Larissa Plain,2025-05-13,19.2,29.1,26.1,provisional
WX04,Ioannina Basin,2025-05-16,21.9,28.9,27.2,validated
WX05,Rhodes Airport,2025-05-19,20.2,32.5,25.9,provisional
WX06,Heraklion Coast,2025-05-22,21.6,31.1,23.7,validated
WX01,Heraklion Coast,2025-05-25,19.3,32.1,26,validated
WX02,Thessaloniki North,2025-05-28,22.1,28.7,26.9,validated
WX03,Athens Central,2025-05-31,21.5,33.7,27.2,validated
WX04,Larissa Plain,2025-06-03,19.2,34.3,27.8,validated
WX05,Ioannina Basin,2025-06-06,22.6,32.2,26.4,validated
WX06,Rhodes Airport,2025-06-09,19.9,30.9,27.5,provisional
WX01,Rhodes Airport,2025-06-12,23.1,30.2,28.1,validated
WX02,Heraklion Coast,2025-06-15,23.3,31.7,27.8,provisional
WX03,Thessaloniki North,2025-06-18,20,30.3,26.5,validated
WX04,Athens Central,2025-06-21,21.2,33.5,26.7,validated
WX05,Larissa Plain,2025-06-24,23,30,27.9,validated
WX06,Ioannina Basin,2025-06-27,20.9,33.1,26.3,validated
WX01,Ioannina Basin,2025-06-30,23.3,35.2,28.3,provisional
WX02,Rhodes Airport,2025-07-03,19.1,32.1,25.7,validated
WX03,Heraklion Coast,2025-07-06,18.5,30.4,26.7,provisional
WX04,Thessaloniki North,2025-07-09,21.3,32.7,25.4,validated
WX05,Athens Central,2025-07-12,21.3,34.2,25,validated
WX06,Larissa Plain,2025-07-15,20.2,31.9,24.9,validated
WX01,Larissa Plain,2025-07-18,19.4,30,24.8,validated
WX02,Ioannina Basin,2025-07-21,18.4,29.7,26.5,validated
WX03,Rhodes Airport,2025-07-24,21.6,29,23.7,validated
WX04,Heraklion Coast,2025-07-27,20.4,30.9,24.9,
WX05,Thessaloniki North,2025-07-30,19.1,34.4,24.8,validated
WX06,Athens Central,2025-08-02,14.4,27.1,20.3,provisional
WX01,Athens Central,2025-08-05,16.1,25,20.8,validated
WX02,Larissa Plain,2025-08-08,17.6,27.6,24,validated
WX03,Ioannina Basin,2025-08-11,14.2,29.7,22.8,validated
WX04,Rhodes Airport,2025-08-14,16.6,28.8,20.5,validated
WX05,Heraklion Coast,2025-08-17,14.7,30.3,22.9,provisional
WX06,Thessaloniki North,2025-08-20,15,26.6,21.2,validated
WX01,Thessaloniki North,2025-08-23,16,30.9,20.7,provisional
WX02,Athens Central,2025-08-26,15.4,30.6,20.6,validated
WX03,Larissa Plain,2025-08-29,15.1,26.2,23.7,validated
WX04,Ioannina Basin,2025-09-01,10.3,24.6,16.8,validated
WX05,Rhodes Airport,2025-09-04,12.1,23.1,18.6,validated
WX06,Heraklion Coast,2025-09-07,10,25,15.6,validated
WX01,Heraklion Coast,2025-09-10,11.2,23.8,16,validated
WX02,Thessaloniki North,2025-09-13,12.8,25.8,15.1,provisional
WX03,Athens Central,2025-09-16,10.7,20,17.8,validated
WX04,Larissa Plain,2025-09-19,12.4,21.9,17.3,provisional
WX05,Ioannina Basin,2025-09-22,10.4,21,16.8,validated
WX06,Rhodes Airport,2025-09-25,13.5,20.7,17.1,validated
WX01,Rhodes Airport,2025-09-28,11.8,25.7,16,validated
WX02,Heraklion Coast,2025-10-01,5.4,17.2,13.2,validated
WX03,Thessaloniki North,2025-10-04,7.1,18.6,10.4,provisional
WX04,Athens Central,2025-10-07,8,16.8,13.4,validated
WX05,Larissa Plain,2025-10-10,5.8,18.2,12.1,provisional
WX06,Ioannina Basin,2025-10-13,5.5,20.5,11.1,validated
WX01,Ioannina Basin,2025-10-16,7.2,19.4,13.8,validated
WX02,Rhodes Airport,2025-10-19,7.5,16.7,13.6,validated
WX03,Heraklion Coast,2025-10-22,4.8,16.2,11.9,validated
WX04,Thessaloniki North,2025-10-25,9,20.9,10.2,validated
WX05,Athens Central,2025-10-28,4.7,19.1,13.2,validated
WX06,Larissa Plain,2025-10-31,7.4,18.4,12.9,provisional
WX01,Larissa Plain,2025-11-03,5.1,12.6,8,validated
WX02,Ioannina Basin,2025-11-06,2,17.3,10,provisional
WX03,Rhodes Airport,2025-11-09,0.4,16.6,8.7,validated
WX04,Heraklion Coast,2025-11-12,3.8,12.1,7.5,validated
WX05,Thessaloniki North,2025-11-15,2.1,16.7,9.1,validated
WX06,Athens Central,2025-11-18,4.2,13.9,7,validated
WX01,Athens Central,2025-11-21,1.6,16.4,9.3,provisional
WX02,Larissa Plain,2025-11-24,5.2,13.5,7.2,validated
WX03,Ioannina Basin,2025-11-27,1.6,11.8,9.1,provisional
WX04,Rhodes Airport,2025-11-30,4.7,16.3,6.6,validated
WX05,Heraklion Coast,2025-12-03,1.8,11.3,6.3,validated
WX06,Thessaloniki North,2025-12-06,1.6,14.7,6.5,validated
WX01,Thessaloniki North,2025-12-09,0,15.5,7.9,validated
WX02,Athens Central,2025-12-12,2.2,15.3,5.1,validated
WX03,Larissa Plain,2025-12-15,0.7,12.9,8.3,validated
WX04,Ioannina Basin,2025-12-18,2.6,11.5,6.8,provisional
WX05,Rhodes Airport,2025-12-21,3.6,12.5,5.2,validated
WX06,Heraklion Coast,2025-12-24,0.2,15.1,5,provisional
