question_id,mode,query_type,question,expected_value,answer_value,status,correct,abstained,expected_table_retrieved,expected_source_cited,citation_ids_valid,retrieved_table_ids,cited_table_ids,answer,seconds,error
answer_001,without_rag,lookup,"In the synthetic dataset's Monthly hospital admissions by diagnosis group, what is admissions_count for hospital_name=Olive Grove Clinic, report_month=2025-01, diagnosis_group=Respiratory?",296,,insufficient_evidence,False,True,False,False,True,[],[],No tables were provided in the input to verify the admissions_count for Olive Grove Clinic in January 2025 under the Respiratory diagnosis group.,10.883,
answer_001,with_rag,lookup,"In the synthetic dataset's Monthly hospital admissions by diagnosis group, what is admissions_count for hospital_name=Olive Grove Clinic, report_month=2025-01, diagnosis_group=Respiratory?",296,296,answered,True,False,True,True,True,"['tbl_001', 'tbl_003', 'tbl_005']",['tbl_001'],The admissions_count for Olive Grove Clinic in report_month 2025-01 with diagnosis_group Respiratory is 296.,4.878,
answer_002,without_rag,lookup,"In the synthetic dataset's Arrests by offence category, what is arrests_count for policing_district=Central District, month=2025-01, offence_group=Fraud?",120,,insufficient_evidence,False,True,False,False,True,[],[],No tables were provided in the input to verify the arrests_count for the specified criteria.,1.194,
answer_002,with_rag,lookup,"In the synthetic dataset's Arrests by offence category, what is arrests_count for policing_district=Central District, month=2025-01, offence_group=Fraud?",120,120,answered,True,False,True,True,True,"['tbl_011', 'tbl_010', 'tbl_018']",['tbl_011'],"The arrests_count for policing_district=Central District, month=2025-01, offence_group=Fraud is 120.",5.667,
answer_003,without_rag,lookup,"In the synthetic dataset's Production incidents by severity, what is incident_count for application=checkout-api, report_month=2025-01, severity=SEV3?",13,,insufficient_evidence,False,True,False,False,True,[],[],No tables were provided in the input to verify the incident count for the specified criteria.,1.387,
answer_003,with_rag,lookup,"In the synthetic dataset's Production incidents by severity, what is incident_count for application=checkout-api, report_month=2025-01, severity=SEV3?",13,13,answered,True,False,True,True,True,"['tbl_021', 'tbl_010', 'tbl_020']",['tbl_021'],"The incident_count for application=checkout-api, report_month=2025-01, severity=SEV3 is 13.",6.439,
answer_004,without_rag,lookup,"In the synthetic dataset's Recruitment agency candidate placements, what is placements_completed for placement_region=Central Macedonia, month=2025-01, industry_sector=Healthcare?",38,,insufficient_evidence,False,True,False,False,True,[],[],No tables were provided in the input to verify data for the synthetic dataset's Recruitment agency candidate placements.,1.307,
answer_004,with_rag,lookup,"In the synthetic dataset's Recruitment agency candidate placements, what is placements_completed for placement_region=Central Macedonia, month=2025-01, industry_sector=Healthcare?",38,38,answered,True,False,True,True,True,"['tbl_031', 'tbl_028', 'tbl_035']",['tbl_031'],"In the synthetic dataset's Recruitment agency candidate placements, for placement_region=Central Macedonia, month=2025-01, industry_sector=Healthcare, the value of placements_completed is 38.",6.119,
answer_005,without_rag,lookup,"In the synthetic dataset's Team shooting statistics by season, what is goals for season=2023-24, team=Volos Mariners?",21,,insufficient_evidence,False,True,False,False,True,[],[],No tables were provided to verify the goals for Volos Mariners in the 2023-24 season.,1.327,
answer_005,with_rag,lookup,"In the synthetic dataset's Team shooting statistics by season, what is goals for season=2023-24, team=Volos Mariners?",21,21,answered,True,False,True,True,True,"['tbl_041', 'tbl_037', 'tbl_042']",['tbl_041'],"In the synthetic dataset's Team shooting statistics by season (tbl_041), for season=2023-24 and team=Volos Mariners, the goals value is 21.",2.587,
answer_006,without_rag,lookup,"In the synthetic dataset's Daily temperature observations by weather station, what is maximum_temperature_c for station_id=WX01, observation_date=2025-01-01?",14.2,,insufficient_evidence,False,True,False,False,True,[],[],"The provided context does not include any tables containing the synthetic dataset's Daily temperature observations. Therefore, the maximum_temperature_c for station_id=WX01 on observation_date=2025-01-01 cannot be determined.",1.456,
answer_006,with_rag,lookup,"In the synthetic dataset's Daily temperature observations by weather station, what is maximum_temperature_c for station_id=WX01, observation_date=2025-01-01?",14.2,14.2,answered,True,False,True,True,True,"['tbl_052', 'tbl_060', 'tbl_054']",['tbl_052'],The maximum_temperature_c for station_id=WX01 on observation_date=2025-01-01 is 14.2.,5.381,
answer_007,without_rag,comparison,"In Monthly hospital admissions by diagnosis group, what is the difference in admissions_count: record A (hospital_name=Olive Grove Clinic, report_month=2025-01, diagnosis_group=Respiratory) minus record B (hospital_name=Riverside Regional Hospital, report_month=2025-02, diagnosis_group=Cardiovascular)? Return a signed number.",-648,,insufficient_evidence,False,True,False,False,True,[],[],"The provided context does not include any tables or data regarding hospital admissions. Therefore, the values for record A (Olive Grove Clinic, Respiratory, Jan 2025) and record B (Riverside Regional Hospital, Cardiovascular, Feb 2025) cannot be determined, making it impossible to calculate the difference.",2.03,
answer_007,with_rag,comparison,"In Monthly hospital admissions by diagnosis group, what is the difference in admissions_count: record A (hospital_name=Olive Grove Clinic, report_month=2025-01, diagnosis_group=Respiratory) minus record B (hospital_name=Riverside Regional Hospital, report_month=2025-02, diagnosis_group=Cardiovascular)? Return a signed number.",-648,-648,answered,True,False,True,True,True,"['tbl_001', 'tbl_006', 'tbl_005']",['tbl_001'],"Record A (Olive Grove Clinic, 2025-01, Respiratory) has an admissions_count of 296. Record B (Riverside Regional Hospital, 2025-02, Cardiovascular) has an admissions_count of 944. The difference is 296 - 944 = -648.",5.195,
answer_008,without_rag,comparison,"In Arrests by offence category, what is the difference in arrests_count: record A (policing_district=Central District, month=2025-01, offence_group=Fraud) minus record B (policing_district=West District, month=2025-02, offence_group=Theft)? Return a signed number.",-26,,insufficient_evidence,False,True,False,False,True,[],[],No tables were provided to retrieve the arrest counts for the specified records.,1.11,
answer_008,with_rag,comparison,"In Arrests by offence category, what is the difference in arrests_count: record A (policing_district=Central District, month=2025-01, offence_group=Fraud) minus record B (policing_district=West District, month=2025-02, offence_group=Theft)? Return a signed number.",-26,-26,answered,True,False,True,True,True,"['tbl_011', 'tbl_010', 'tbl_018']",['tbl_011'],"Record A (Central District, 2025-01, Fraud) has an arrests_count of 120. Record B (West District, 2025-02, Theft) has an arrests_count of 146. The difference is 120 - 146 = -26.",6.257,
answer_009,without_rag,comparison,"In Production incidents by severity, what is the difference in incident_count: record A (application=checkout-api, report_month=2025-01, severity=SEV3) minus record B (application=notification-worker, report_month=2025-02, severity=SEV1)? Return a signed number.",7,,insufficient_evidence,False,True,False,False,True,[],[],"The provided tables list is empty, so there is no data available to determine the incident counts for the specified records or calculate their difference.",1.457,
answer_009,with_rag,comparison,"In Production incidents by severity, what is the difference in incident_count: record A (application=checkout-api, report_month=2025-01, severity=SEV3) minus record B (application=notification-worker, report_month=2025-02, severity=SEV1)? Return a signed number.",7,7,answered,True,False,True,True,True,"['tbl_021', 'tbl_010', 'tbl_013']",['tbl_021'],"Record A (checkout-api, 2025-01, SEV3) has an incident_count of 13. Record B (notification-worker, 2025-02, SEV1) has an incident_count of 6. The difference is 13 - 6 = 7.",7.106,
answer_010,without_rag,aggregation,"In Monthly hospital admissions by diagnosis group, what is the total admissions_count for hospital_name=Olive Grove Clinic across all records in the supplied dataset?",8361,,insufficient_evidence,False,True,False,False,True,[],[],"No tables were provided in the input, so it is impossible to calculate the total admissions_count for Olive Grove Clinic.",1.363,
answer_010,with_rag,aggregation,"In Monthly hospital admissions by diagnosis group, what is the total admissions_count for hospital_name=Olive Grove Clinic across all records in the supplied dataset?",8361,4794,answered,False,False,True,True,True,"['tbl_001', 'tbl_003', 'tbl_006']",['tbl_001'],"The total admissions_count for Olive Grove Clinic across all records in the dataset is calculated by summing the values from table tbl_001 where hospital_name is 'Olive Grove Clinic'. The relevant rows are:
- 2025-01, Respiratory: 296
- 2025-07, Digestive: 798
- 2025-01, Digestive: 920
- 2025-07, Injury: 233
- 2025-01, Injury: 322
- 2025-02, Digestive: 109
- 2025-08, Injury: 304
- 2025-02, Injury: 141
- 2025-08, Cardiovascular: 902
- 2025-09, Injury: 568
- 2025-03, Cardiovascular: 137
- 2025-03, Respiratory: 616
- 2025-04, Cardiovascular: 867
- 2025-09, Cardiovascular: 210
- 2025-04, Respiratory: 387
- 2025-10, Cardiovascular: 472
Summing these values: 296 + 798 + 920 + 233 + 322 + 109 + 304 + 141 + 902 + 568 + 137 + 616 + 867 + 210 + 387 + 472 = 4794.",10.333,
answer_011,without_rag,aggregation,"In Arrests by offence category, what is the total arrests_count for policing_district=Central District across all records in the supplied dataset?",3257,,insufficient_evidence,False,True,False,False,True,[],[],"No tables were provided in the input, so it is impossible to calculate the total arrests_count for policing_district=Central District.",1.281,
answer_011,with_rag,aggregation,"In Arrests by offence category, what is the total arrests_count for policing_district=Central District across all records in the supplied dataset?",3257,1974,answered,False,False,True,True,True,"['tbl_011', 'tbl_010', 'tbl_014']",['tbl_011'],The total arrests_count for policing_district=Central District across all records in the dataset is 1974.,5.086,
answer_012,without_rag,unanswerable,What will Olive Grove Clinic's exact total admissions be in January 2035?,,,insufficient_evidence,True,True,False,False,True,[],[],No tables were provided to determine the exact total admissions for Olive Grove Clinic in January 2035.,1.195,
answer_012,with_rag,unanswerable,What will Olive Grove Clinic's exact total admissions be in January 2035?,,,insufficient_evidence,True,True,False,False,True,"['tbl_001', 'tbl_006', 'tbl_008']",['tbl_001'],"The provided dataset contains admission records for Olive Grove Clinic only for the year 2025 (specifically months 01, 02, 03, 04, 07, 08, 09, 10). There is no data available for January 2035.",4.79,
