hospital_name,imaging_modality,quarter,examinations,urgent_examinations,median_report_hours
Aster General Hospital,CT,2024-Q1,3020,1081,21.2
Olive Grove Clinic,Ultrasound,2024-Q2,1787,751,32.6
Riverside Regional Hospital,MRI,2024-Q3,400,168,24.2
Northgate Community Hospital,MRI,2024-Q4,2097,163,35
Helios Medical Center,CT,2024-Q1,3514,162,30.7
Helios Medical Center,Ultrasound,2024-Q2,1737,716,
Aster General Hospital,Ultrasound,2024-Q3,2765,1161,17.1
Olive Grove Clinic,MRI,2024-Q4,4292,687,18.3
Riverside Regional Hospital,CT,2024-Q1,324,136,31.9
Northgate Community Hospital,CT,2024-Q2,4065,778,10.6
Northgate Community Hospital,Ultrasound,2024-Q3,2259,732,35.7
Helios Medical Center,MRI,2024-Q4,1263,530,25.2
Aster General Hospital,MRI,2024-Q1,3506,185,13.3
Olive Grove Clinic,CT,2024-Q2,1357,570,27.8
Riverside Regional Hospital,Ultrasound,2024-Q3,4007,952,5.9
Riverside Regional Hospital,Ultrasound,2024-Q4,512,215,24.8
Northgate Community Hospital,MRI,2024-Q1,1723,724,33.5
Helios Medical Center,CT,2024-Q2,2625,556,12.6
Aster General Hospital,CT,2024-Q3,2148,870,12.7
Olive Grove Clinic,Ultrasound,2024-Q4,4215,586,10.7
Olive Grove Clinic,MRI,2024-Q1,2618,370,21.2
Riverside Regional Hospital,MRI,2024-Q2,4145,159,12.5
Northgate Community Hospital,CT,2024-Q3,3366,495,26
Helios Medical Center,Ultrasound,2024-Q4,1589,667,10.8
Aster General Hospital,Ultrasound,2024-Q1,4233,578,5.8
Aster General Hospital,MRI,2024-Q2,1950,819,14.2
Olive Grove Clinic,CT,2024-Q3,2873,653,25.4
Riverside Regional Hospital,CT,2024-Q4,1639,688,17.4
Northgate Community Hospital,Ultrasound,2024-Q1,4042,888,23.1
Helios Medical Center,MRI,2024-Q2,1918,522,3.9
Helios Medical Center,MRI,2024-Q3,4231,534,7.6
Aster General Hospital,CT,2024-Q4,1742,732,3.5
Olive Grove Clinic,Ultrasound,2024-Q1,3642,935,16
Riverside Regional Hospital,Ultrasound,2024-Q2,1375,578,8.3
Northgate Community Hospital,MRI,2024-Q3,1116,460,4.4
Northgate Community Hospital,CT,2024-Q4,923,88,12.9
Helios Medical Center,CT,2024-Q1,3869,1022,14.8
Aster General Hospital,Ultrasound,2024-Q2,2342,208,23.5
Olive Grove Clinic,MRI,2024-Q3,2982,456,3.6
Riverside Regional Hospital,MRI,2024-Q4,337,142,30.9
Riverside Regional Hospital,CT,2024-Q1,2599,1092,35.5
Northgate Community Hospital,Ultrasound,2024-Q2,2792,66,29.3
Helios Medical Center,Ultrasound,2024-Q3,4018,282,17.9
Aster General Hospital,MRI,2024-Q4,1565,566,27.4
Olive Grove Clinic,CT,2024-Q1,3418,565,32.3
Olive Grove Clinic,CT,2024-Q2,1928,810,29.9
Riverside Regional Hospital,Ultrasound,2024-Q3,3051,1281,18.6
Northgate Community Hospital,MRI,2024-Q4,1339,562,20.6
Helios Medical Center,MRI,2024-Q1,1241,502,30.2
Aster General Hospital,CT,2024-Q2,2923,811,17.2
Aster General Hospital,Ultrasound,2024-Q3,3988,558,28.5
Olive Grove Clinic,Ultrasound,2024-Q4,789,331,20.1
Riverside Regional Hospital,MRI,2024-Q1,2508,659,31.7
Northgate Community Hospital,CT,2024-Q2,1332,105,5.8
Helios Medical Center,CT,2024-Q3,1763,740,26.8
Helios Medical Center,Ultrasound,2024-Q4,3830,1122,35.5
Aster General Hospital,MRI,2024-Q1,494,207,25.1
Olive Grove Clinic,MRI,2024-Q2,4197,1247,6.3
Riverside Regional Hospital,CT,2024-Q3,773,325,
Northgate Community Hospital,Ultrasound,2024-Q4,1258,80,33.4
