repository,quarter,severity,new_findings,remediated_findings,open_findings_end,median_remediation_days
mobile-client,2024-Q1,SEV1,4,4,16,21.5
billing-core,2024-Q2,SEV2,15,15,42,44.9
data-pipelines,2024-Q3,SEV3,46,38,77,13.4
atlas-web,2024-Q4,SEV2,21,21,52,34.1
catalog-api,2024-Q1,SEV3,52,5,63,27.5
atlas-web,2024-Q2,SEV1,25,17,37,88
catalog-api,2024-Q3,SEV3,57,56,78,44.7
mobile-client,2024-Q4,SEV1,29,1,31,90.4
billing-core,2024-Q1,SEV2,22,1,57,29.7
data-pipelines,2024-Q2,SEV1,41,37,34,33.5
billing-core,2024-Q3,SEV2,12,12,83,44.4
data-pipelines,2024-Q4,SEV3,15,15,22,3.3
atlas-web,2024-Q1,SEV2,35,28,89,77.4
catalog-api,2024-Q2,SEV3,60,25,55,72.2
mobile-client,2024-Q3,SEV1,44,43,103,38.3
catalog-api,2024-Q4,SEV3,20,20,68,7.8
mobile-client,2024-Q1,SEV1,38,38,35,84.6
billing-core,2024-Q2,SEV2,57,24,2,17.6
data-pipelines,2024-Q3,SEV1,55,30,14,38
atlas-web,2024-Q4,SEV2,18,18,19,41.6
data-pipelines,2024-Q1,SEV3,48,3,69,28.7
atlas-web,2024-Q2,SEV2,1,1,64,80.1
catalog-api,2024-Q3,SEV3,35,27,37,8.2
mobile-client,2024-Q4,SEV1,5,5,102,15.6
billing-core,2024-Q1,SEV3,2,2,76,54
mobile-client,2024-Q2,SEV1,6,6,11,109.5
billing-core,2024-Q3,SEV2,10,10,31,68.5
data-pipelines,2024-Q4,SEV1,24,24,1,100.2
atlas-web,2024-Q1,SEV2,29,28,73,56.3
catalog-api,2024-Q2,SEV3,58,17,28,83.1
atlas-web,2024-Q3,SEV2,12,12,93,60.7
catalog-api,2024-Q4,SEV3,40,32,35,56.9
mobile-client,2024-Q1,SEV1,2,2,98,15.7
billing-core,2024-Q2,SEV3,38,24,20,97.2
data-pipelines,2024-Q3,SEV1,58,43,8,78.8
billing-core,2024-Q4,SEV2,6,6,33,51.4
data-pipelines,2024-Q1,SEV1,63,25,104,94
atlas-web,2024-Q2,SEV2,12,12,78,46.2
catalog-api,2024-Q3,SEV3,62,32,13,72.1
mobile-client,2024-Q4,SEV2,26,26,58,48.7
catalog-api,2024-Q1,SEV3,7,7,4,62.5
mobile-client,2024-Q2,SEV1,55,19,64,56.1
billing-core,2024-Q3,SEV3,27,15,1,91.6
data-pipelines,2024-Q4,SEV1,10,1,47,68.9
atlas-web,2024-Q1,SEV2,54,7,54,53.5
data-pipelines,2024-Q2,SEV1,62,21,33,23.4
atlas-web,2024-Q3,SEV2,63,57,64,59.4
catalog-api,2024-Q4,SEV3,13,6,41,109.3
mobile-client,2024-Q1,SEV2,5,5,86,28
billing-core,2024-Q2,SEV3,39,39,39,101.8
mobile-client,2024-Q3,SEV1,9,9,1,70.7
billing-core,2024-Q4,SEV3,52,49,9,
data-pipelines,2024-Q1,SEV1,32,6,22,30.9
atlas-web,2024-Q2,SEV2,11,11,72,66.8
catalog-api,2024-Q3,SEV1,61,38,61,18
atlas-web,2024-Q4,SEV2,24,19,92,52
catalog-api,2024-Q1,SEV3,65,17,46,91.3
mobile-client,2024-Q2,SEV2,44,44,101,46
billing-core,2024-Q3,SEV3,32,32,51,48.7
data-pipelines,2024-Q4,SEV1,8,8,3,94.7
