airport_name,traffic_month,domestic_passengers,international_passengers,total_passengers,aircraft_movements
Corfu Airport,2025-01,134441,167802,302243,2273
Ioannina Airport,2025-02,69763,339319,409082,2688
Athens International,2025-03,248891,484328,733219,5149
Thessaloniki Airport,2025-04,239317,373129,612446,5104
Heraklion Airport,2025-05,61567,180743,242310,1581
Rhodes Airport,2025-06,212111,217352,429463,3447
Ioannina Airport,2025-07,22900,427240,450140,3305
Athens International,2025-08,225314,383367,608681,5043
Thessaloniki Airport,2025-09,250421,607229,857650,5684
Heraklion Airport,2025-10,197787,96285,294072,2368
Rhodes Airport,2025-11,168861,206196,375057,2466
Corfu Airport,2025-12,18317,67886,86203,742
Athens International,2025-01,182064,492353,674417,5269
Thessaloniki Airport,2025-02,251650,417946,669596,5632
Heraklion Airport,2025-03,26513,11741,38254,250
Rhodes Airport,2025-04,91192,341156,432348,4075
Corfu Airport,2025-05,196068,607399,803467,6516
Ioannina Airport,2025-06,205641,150062,355703,2972
Thessaloniki Airport,2025-07,234283,66986,301269,2182
Heraklion Airport,2025-08,78262,247201,325463,2226
Rhodes Airport,2025-09,110064,541261,651325,5215
Corfu Airport,2025-10,143242,361045,504287,3961
Ioannina Airport,2025-11,225971,158183,384154,2692
Athens International,2025-12,15644,277919,293563,2623
Heraklion Airport,2025-01,262614,232622,495236,3663
Rhodes Airport,2025-02,194541,190196,384737,3305
Corfu Airport,2025-03,75823,427090,502913,3854
Ioannina Airport,2025-04,200936,133889,334825,3072
Athens International,2025-05,57813,361945,419758,3894
Thessaloniki Airport,2025-06,188504,500256,688760,5343
Rhodes Airport,2025-07,142065,198487,340552,2393
Corfu Airport,2025-08,257000,69001,326001,2143
Ioannina Airport,2025-09,157142,32471,189613,1533
Athens International,2025-10,148029,605863,753892,6916
Thessaloniki Airport,2025-11,272124,14891,287015,2509
Heraklion Airport,2025-12,180891,299448,480339,3424
Corfu Airport,2025-01,18739,591080,609819,4109
Ioannina Airport,2025-02,204775,419564,624339,4309
Athens International,2025-03,234873,44203,279076,1837
Thessaloniki Airport,2025-04,248090,304302,552392,5115
Heraklion Airport,2025-05,66339,598361,664700,5313
Rhodes Airport,2025-06,157573,338262,495835,3436
Ioannina Airport,2025-07,90224,550765,640989,4766
Athens International,2025-08,176188,303174,479362,4272
Thessaloniki Airport,2025-09,142449,498132,640581,4406
Heraklion Airport,2025-10,27514,264076,291590,2499
Rhodes Airport,2025-11,33478,106408,139886,1090
Corfu Airport,2025-12,42590,205464,248054,2199
Athens International,2025-01,151733,536419,688152,
Thessaloniki Airport,2025-02,253594,492546,746140,6416
Heraklion Airport,2025-03,138763,282474,421237,2897
Rhodes Airport,2025-04,188347,16940,205287,1799
Corfu Airport,2025-05,123687,553944,677631,4910
Ioannina Airport,2025-06,47207,204043,251250,2295
Thessaloniki Airport,2025-07,143328,421146,564474,5315
Heraklion Airport,2025-08,162891,554605,717496,4665
Rhodes Airport,2025-09,69301,201744,271045,1925
Corfu Airport,2025-10,52978,319783,372761,3065
Ioannina Airport,2025-11,41453,436836,478289,3688
Athens International,2025-12,145819,592892,738711,5042
Heraklion Airport,2025-01,14684,84258,98942,809
Rhodes Airport,2025-02,170705,364843,535548,5071
Corfu Airport,2025-03,203255,503164,706419,5615
Ioannina Airport,2025-04,49657,350501,400158,3638
Athens International,2025-05,66293,420988,487281,3284
Thessaloniki Airport,2025-06,13659,559298,572957,4791
Rhodes Airport,2025-07,171000,161048,332048,2196
Corfu Airport,2025-08,111490,235455,346945,2321
Ioannina Airport,2025-09,226739,118306,345045,2465
Athens International,2025-10,105284,75880,181164,1494
Thessaloniki Airport,2025-11,8509,266627,275136,2281
Heraklion Airport,2025-12,27427,246192,273619,2531
