query_id,split,domain,query_type,difficulty,question,expected_table_ids,method,first_relevant_rank,hit_at_1,hit_at_3,hit_at_5,top_5_table_ids,top_5_scores
aq001,test,healthcare,semantic,hard,"For each hospital and condition group, where did unscheduled cases make up the largest share of admissions, and how long did those patients stay on average?",tbl_001,BM25,1,1,1,1,tbl_001;tbl_005;tbl_050;tbl_045;tbl_041,1.00000000;0.47895728;0.44179160;0.34125389;0.20274576
aq001,test,healthcare,semantic,hard,"For each hospital and condition group, where did unscheduled cases make up the largest share of admissions, and how long did those patients stay on average?",tbl_001,Dense,1,1,1,1,tbl_001;tbl_005;tbl_006;tbl_003;tbl_009,1.00000000;0.86513263;0.76573354;0.70770380;0.66762293
aq001,test,healthcare,semantic,hard,"For each hospital and condition group, where did unscheduled cases make up the largest share of admissions, and how long did those patients stay on average?",tbl_001,RRF,1,1,1,1,tbl_001;tbl_005;tbl_003;tbl_006;tbl_009,0.03278689;0.03225806;0.03055037;0.03036577;0.03009050
aq001,test,healthcare,semantic,hard,"For each hospital and condition group, where did unscheduled cases make up the largest share of admissions, and how long did those patients stay on average?",tbl_001,Weighted a=0.8,1,1,1,1,tbl_001;tbl_005;tbl_006;tbl_003;tbl_009,1.00000000;0.78789756;0.64644174;0.60016145;0.56795889
aq002,test,healthcare,semantic,hard,Which hospital departments operated closest to their staffed inpatient capacity after occupied bed-days are taken into account?,tbl_003,BM25,1,1,1,1,tbl_003;tbl_008;tbl_001;tbl_005;tbl_009,1.00000000;0.56773014;0.15120951;0.15089866;0.14914569
aq002,test,healthcare,semantic,hard,Which hospital departments operated closest to their staffed inpatient capacity after occupied bed-days are taken into account?,tbl_003,Dense,1,1,1,1,tbl_003;tbl_006;tbl_002;tbl_001;tbl_004,1.00000000;0.83602668;0.81601234;0.81300488;0.80186789
aq002,test,healthcare,semantic,hard,Which hospital departments operated closest to their staffed inpatient capacity after occupied bed-days are taken into account?,tbl_003,RRF,1,1,1,1,tbl_003;tbl_001;tbl_006;tbl_008;tbl_002,0.03278689;0.03149802;0.03128055;0.03083491;0.03079839
aq002,test,healthcare,semantic,hard,Which hospital departments operated closest to their staffed inpatient capacity after occupied bed-days are taken into account?,tbl_003,Weighted a=0.8,1,1,1,1,tbl_003;tbl_006;tbl_002;tbl_001;tbl_004,1.00000000;0.69863586;0.68250743;0.68064580;0.67082827
aq003,test,healthcare,semantic,hard,Which clinical departments depended most on overtime while also carrying the largest number of unfilled posts?,tbl_004,BM25,1,1,1,1,tbl_004;tbl_050;tbl_041;tbl_045;tbl_001,1.00000000;0.83069575;0.50335311;0.10270032;0.00000000
aq003,test,healthcare,semantic,hard,Which clinical departments depended most on overtime while also carrying the largest number of unfilled posts?,tbl_004,Dense,1,1,1,1,tbl_004;tbl_003;tbl_005;tbl_002;tbl_008,1.00000000;0.80097034;0.76193238;0.71639947;0.66949872
aq003,test,healthcare,semantic,hard,Which clinical departments depended most on overtime while also carrying the largest number of unfilled posts?,tbl_004,RRF,1,1,1,1,tbl_004;tbl_001;tbl_041;tbl_045;tbl_050,0.03278689;0.03053613;0.02662570;0.02524038;0.02482468
aq003,test,healthcare,semantic,hard,Which clinical departments depended most on overtime while also carrying the largest number of unfilled posts?,tbl_004,Weighted a=0.8,1,1,1,1,tbl_004;tbl_003;tbl_005;tbl_002;tbl_008,1.00000000;0.64077627;0.60954590;0.57311958;0.53559897
aq004,test,healthcare,semantic,hard,"Among patients eligible after discharge, at which hospitals and for which conditions did the largest fraction return for another admission within a month?",tbl_005,BM25,6,0,0,0,tbl_007;tbl_050;tbl_016;tbl_059;tbl_054,1.00000000;0.87435720;0.86665753;0.86139108;0.79759985
aq004,test,healthcare,semantic,hard,"Among patients eligible after discharge, at which hospitals and for which conditions did the largest fraction return for another admission within a month?",tbl_005,Dense,1,1,1,1,tbl_005;tbl_001;tbl_006;tbl_003;tbl_008,1.00000000;0.95428428;0.80146759;0.76521708;0.76094745
aq004,test,healthcare,semantic,hard,"Among patients eligible after discharge, at which hospitals and for which conditions did the largest fraction return for another admission within a month?",tbl_005,RRF,1,1,1,1,tbl_005;tbl_007;tbl_035;tbl_023;tbl_006,0.03154496;0.03109932;0.02921109;0.02765065;0.02723665
aq004,test,healthcare,semantic,hard,"Among patients eligible after discharge, at which hospitals and for which conditions did the largest fraction return for another admission within a month?",tbl_005,Weighted a=0.8,1,1,1,1,tbl_005;tbl_007;tbl_001;tbl_006;tbl_008,0.93006610;0.77046341;0.76805025;0.65239952;0.61827228
aq005,test,healthcare,semantic,hard,Which service districts struggled most to transfer ambulance patients into emergency care while also spending many hours diverting arrivals elsewhere?,tbl_007,BM25,1,1,1,1,tbl_007;tbl_004;tbl_044;tbl_003;tbl_033,1.00000000;0.30725022;0.23195887;0.20902296;0.16745636
aq005,test,healthcare,semantic,hard,Which service districts struggled most to transfer ambulance patients into emergency care while also spending many hours diverting arrivals elsewhere?,tbl_007,Dense,1,1,1,1,tbl_007;tbl_002;tbl_012;tbl_006;tbl_001,1.00000000;0.77510619;0.60681861;0.52485027;0.51497474
aq005,test,healthcare,semantic,hard,Which service districts struggled most to transfer ambulance patients into emergency care while also spending many hours diverting arrivals elsewhere?,tbl_007,RRF,1,1,1,1,tbl_007;tbl_004;tbl_003;tbl_002;tbl_012,0.03278689;0.03105441;0.03077652;0.03041475;0.02837302
aq005,test,healthcare,semantic,hard,Which service districts struggled most to transfer ambulance patients into emergency care while also spending many hours diverting arrivals elsewhere?,tbl_007,Weighted a=0.8,1,1,1,1,tbl_007;tbl_002;tbl_012;tbl_004;tbl_003,1.00000000;0.63989494;0.48545489;0.44496700;0.42793491
aq006,test,healthcare,semantic,hard,Where were planned operations cancelled most often because the hospital lacked capacity rather than because of a patient-related reason?,tbl_008,BM25,1,1,1,1,tbl_008;tbl_001;tbl_050;tbl_003;tbl_005,1.00000000;0.28193925;0.26534048;0.09820392;0.09818404
aq006,test,healthcare,semantic,hard,Where were planned operations cancelled most often because the hospital lacked capacity rather than because of a patient-related reason?,tbl_008,Dense,1,1,1,1,tbl_008;tbl_006;tbl_002;tbl_003;tbl_001,1.00000000;0.83301958;0.80158477;0.79509615;0.78916154
aq006,test,healthcare,semantic,hard,Where were planned operations cancelled most often because the hospital lacked capacity rather than because of a patient-related reason?,tbl_008,RRF,1,1,1,1,tbl_008;tbl_001;tbl_003;tbl_006;tbl_002,0.03278689;0.03151365;0.03125000;0.03105441;0.03057890
aq006,test,healthcare,semantic,hard,Where were planned operations cancelled most often because the hospital lacked capacity rather than because of a patient-related reason?,tbl_008,Weighted a=0.8,1,1,1,1,tbl_008;tbl_001;tbl_006;tbl_002;tbl_003,1.00000000;0.68771708;0.68584690;0.66063321;0.65571770
aq007,test,public_safety,semantic,hard,For which districts and offence categories was the gap between incidents reported and incidents cleared the widest?,tbl_010,BM25,1,1,1,1,tbl_010;tbl_015;tbl_021;tbl_014;tbl_011,1.00000000;0.56870233;0.37094780;0.33604115;0.19148471
aq007,test,public_safety,semantic,hard,For which districts and offence categories was the gap between incidents reported and incidents cleared the widest?,tbl_010,Dense,1,1,1,1,tbl_010;tbl_011;tbl_013;tbl_014;tbl_017,1.00000000;0.80678034;0.74916528;0.66885973;0.65385296
aq007,test,public_safety,semantic,hard,For which districts and offence categories was the gap between incidents reported and incidents cleared the widest?,tbl_010,RRF,1,1,1,1,tbl_010;tbl_011;tbl_015;tbl_014;tbl_021,0.03278689;0.03151365;0.03128055;0.03125000;0.03036577
aq007,test,public_safety,semantic,hard,For which districts and offence categories was the gap between incidents reported and incidents cleared the widest?,tbl_010,Weighted a=0.8,1,1,1,1,tbl_010;tbl_011;tbl_015;tbl_014;tbl_013,1.00000000;0.68372121;0.60790725;0.60229601;0.59933222
aq008,test,public_safety,semantic,hard,How did youth arrests compare with adult arrests for each offence group and policing district?,tbl_011,BM25,1,1,1,1,tbl_011;tbl_014;tbl_017;tbl_018;tbl_015,1.00000000;0.15373162;0.14666298;0.14485769;0.14226180
aq008,test,public_safety,semantic,hard,How did youth arrests compare with adult arrests for each offence group and policing district?,tbl_011,Dense,1,1,1,1,tbl_011;tbl_010;tbl_014;tbl_018;tbl_012,1.00000000;0.66594633;0.60630590;0.57998030;0.57211847
aq008,test,public_safety,semantic,hard,How did youth arrests compare with adult arrests for each offence group and policing district?,tbl_011,RRF,1,1,1,1,tbl_011;tbl_014;tbl_010;tbl_018;tbl_017,0.03278689;0.03200205;0.03128055;0.03125000;0.03079839
aq008,test,public_safety,semantic,hard,How did youth arrests compare with adult arrests for each offence group and policing district?,tbl_011,Weighted a=0.8,1,1,1,1,tbl_011;tbl_010;tbl_014;tbl_018;tbl_012,1.00000000;0.55288975;0.51579105;0.49295578;0.47778414
aq009,test,public_safety,semantic,hard,"Where did urgent callers face the longest typical and worst-case police response delays, accounting for the number of calls received?",tbl_012,BM25,1,1,1,1,tbl_012;tbl_050;tbl_049;tbl_015;tbl_009,1.00000000;0.48476675;0.36751491;0.36217368;0.25312235
aq009,test,public_safety,semantic,hard,"Where did urgent callers face the longest typical and worst-case police response delays, accounting for the number of calls received?",tbl_012,Dense,1,1,1,1,tbl_012;tbl_002;tbl_016;tbl_007;tbl_011,1.00000000;0.76182468;0.71574580;0.67508723;0.54739978
aq009,test,public_safety,semantic,hard,"Where did urgent callers face the longest typical and worst-case police response delays, accounting for the number of calls received?",tbl_012,RRF,1,1,1,1,tbl_012;tbl_015;tbl_009;tbl_014;tbl_023,0.03278689;0.03077652;0.02908325;0.02857143;0.02838164
aq009,test,public_safety,semantic,hard,"Where did urgent callers face the longest typical and worst-case police response delays, accounting for the number of calls received?",tbl_012,Weighted a=0.8,1,1,1,1,tbl_012;tbl_002;tbl_016;tbl_007;tbl_015,1.00000000;0.60945974;0.57259664;0.54006979;0.50684744
aq010,test,public_safety,semantic,hard,"Which areas and crash severities produced the most injuries and deaths, and what share of those collisions happened at night?",tbl_013,BM25,8,0,0,0,tbl_050;tbl_034;tbl_028;tbl_001;tbl_049,1.00000000;0.82541586;0.82484966;0.53552651;0.53312200
aq010,test,public_safety,semantic,hard,"Which areas and crash severities produced the most injuries and deaths, and what share of those collisions happened at night?",tbl_013,Dense,1,1,1,1,tbl_013;tbl_015;tbl_055;tbl_021;tbl_014,1.00000000;0.71426563;0.71236371;0.61116204;0.59459021
aq010,test,public_safety,semantic,hard,"Which areas and crash severities produced the most injuries and deaths, and what share of those collisions happened at night?",tbl_013,RRF,1,1,1,1,tbl_013;tbl_014;tbl_015;tbl_017;tbl_018,0.03109932;0.03030999;0.02928693;0.02862400;0.02821940
aq010,test,public_safety,semantic,hard,"Which areas and crash severities produced the most injuries and deaths, and what share of those collisions happened at night?",tbl_013,Weighted a=0.8,1,1,1,1,tbl_013;tbl_015;tbl_055;tbl_014;tbl_021,0.88810375;0.61636197;0.56989097;0.56818060;0.48892963
aq011,test,public_safety,semantic,hard,"For each vehicle type, which districts recovered the smallest proportion of vehicles that owners had reported stolen?",tbl_014,BM25,1,1,1,1,tbl_014;tbl_050;tbl_017;tbl_010;tbl_045,1.00000000;0.17620760;0.15063660;0.06993092;0.03607872
aq011,test,public_safety,semantic,hard,"For each vehicle type, which districts recovered the smallest proportion of vehicles that owners had reported stolen?",tbl_014,Dense,1,1,1,1,tbl_014;tbl_017;tbl_013;tbl_010;tbl_011,1.00000000;0.69464572;0.62038370;0.59932344;0.52523158
aq011,test,public_safety,semantic,hard,"For each vehicle type, which districts recovered the smallest proportion of vehicles that owners had reported stolen?",tbl_014,RRF,1,1,1,1,tbl_014;tbl_017;tbl_010;tbl_018;tbl_015,0.03278689;0.03200205;0.03125000;0.03030303;0.02919864
aq011,test,public_safety,semantic,hard,"For each vehicle type, which districts recovered the smallest proportion of vehicles that owners had reported stolen?",tbl_014,Weighted a=0.8,1,1,1,1,tbl_014;tbl_017;tbl_013;tbl_010;tbl_018,1.00000000;0.58584390;0.49630696;0.49344493;0.42085618
aq012,test,public_safety,semantic,hard,Which kinds of fire or rescue call caused the greatest property losses while requiring long responses and rescuing people?,tbl_015,BM25,1,1,1,1,tbl_015;tbl_050;tbl_017;tbl_045;tbl_032,1.00000000;0.24775498;0.20223714;0.08828677;0.08295870
aq012,test,public_safety,semantic,hard,Which kinds of fire or rescue call caused the greatest property losses while requiring long responses and rescuing people?,tbl_015,Dense,1,1,1,1,tbl_015;tbl_017;tbl_012;tbl_013;tbl_016,1.00000000;0.71362371;0.65656596;0.58364034;0.54918378
aq012,test,public_safety,semantic,hard,Which kinds of fire or rescue call caused the greatest property losses while requiring long responses and rescuing people?,tbl_015,RRF,1,1,1,1,tbl_015;tbl_017;tbl_013;tbl_014;tbl_018,0.03278689;0.03200205;0.03055037;0.02923602;0.02741784
aq012,test,public_safety,semantic,hard,Which kinds of fire or rescue call caused the greatest property losses while requiring long responses and rescuing people?,tbl_015,Weighted a=0.8,1,1,1,1,tbl_015;tbl_017;tbl_012;tbl_013;tbl_016,1.00000000;0.61134639;0.52525277;0.47703994;0.43934702
aq013,test,software_engineering,semantic,hard,"Which codebases accumulated unresolved work even when teams were closing items, and how long did closure usually take by work type?",tbl_019,BM25,6,0,0,0,tbl_034;tbl_017;tbl_014;tbl_015;tbl_055,1.00000000;0.35983346;0.31981461;0.24623594;0.18451090
aq013,test,software_engineering,semantic,hard,"Which codebases accumulated unresolved work even when teams were closing items, and how long did closure usually take by work type?",tbl_019,Dense,1,1,1,1,tbl_019;tbl_020;tbl_027;tbl_022;tbl_024,1.00000000;0.75763390;0.71600375;0.70002027;0.67784553
aq013,test,software_engineering,semantic,hard,"Which codebases accumulated unresolved work even when teams were closing items, and how long did closure usually take by work type?",tbl_019,RRF,1,1,1,1,tbl_019;tbl_034;tbl_023;tbl_022;tbl_017,0.03154496;0.03047795;0.02877847;0.02861201;0.02817723
aq013,test,software_engineering,semantic,hard,"Which codebases accumulated unresolved work even when teams were closing items, and how long did closure usually take by work type?",tbl_019,Weighted a=0.8,1,1,1,1,tbl_019;tbl_020;tbl_034;tbl_027;tbl_022,0.82862883;0.60610712;0.59886834;0.57280300;0.56221204
aq014,test,software_engineering,semantic,hard,"For production releases, which services most often failed or had to be reversed, and how much lead time did deployment usually require?",tbl_020,BM25,1,1,1,1,tbl_020;tbl_035;tbl_033;tbl_024;tbl_055,1.00000000;0.40911912;0.36056934;0.13673907;0.12132910
aq014,test,software_engineering,semantic,hard,"For production releases, which services most often failed or had to be reversed, and how much lead time did deployment usually require?",tbl_020,Dense,1,1,1,1,tbl_020;tbl_023;tbl_021;tbl_019;tbl_024,1.00000000;0.76763713;0.74970444;0.64790693;0.64016015
aq014,test,software_engineering,semantic,hard,"For production releases, which services most often failed or had to be reversed, and how much lead time did deployment usually require?",tbl_020,RRF,1,1,1,1,tbl_020;tbl_024;tbl_021;tbl_023;tbl_033,0.03278689;0.03100962;0.03057890;0.03001792;0.02869353
aq014,test,software_engineering,semantic,hard,"For production releases, which services most often failed or had to be reversed, and how much lead time did deployment usually require?",tbl_020,Weighted a=0.8,1,1,1,1,tbl_020;tbl_023;tbl_021;tbl_024;tbl_019,1.00000000;0.61955937;0.61705150;0.53947594;0.51832554
aq015,test,software_engineering,semantic,hard,Which applications suffered repeated high-severity outages with the largest user-impact duration and longest time to restore service?,tbl_021,BM25,,0,0,0,tbl_033;tbl_023;tbl_020;tbl_024;tbl_055,1.00000000;0.56943960;0.42672012;0.37923100;0.33649313
aq015,test,software_engineering,semantic,hard,Which applications suffered repeated high-severity outages with the largest user-impact duration and longest time to restore service?,tbl_021,Dense,2,0,1,1,tbl_023;tbl_021;tbl_027;tbl_020;tbl_019,1.00000000;0.99579214;0.94037729;0.88658494;0.86968382
aq015,test,software_engineering,semantic,hard,Which applications suffered repeated high-severity outages with the largest user-impact duration and longest time to restore service?,tbl_021,RRF,24,0,0,0,tbl_023;tbl_020;tbl_007;tbl_027;tbl_024,0.03252247;0.03149802;0.02963126;0.02957165;0.02913851
aq015,test,software_engineering,semantic,hard,Which applications suffered repeated high-severity outages with the largest user-impact duration and longest time to restore service?,tbl_021,Weighted a=0.8,2,0,1,1,tbl_023;tbl_021;tbl_020;tbl_027;tbl_019,0.91388792;0.79663371;0.79461198;0.77351157;0.69574705
aq016,test,software_engineering,semantic,hard,"Which engineering groups waited longest for an initial review and merge, and how often were revisions requested on their pull requests?",tbl_022,BM25,1,1,1,1,tbl_022;tbl_041;tbl_023;tbl_034;tbl_049,1.00000000;0.14626026;0.14213078;0.10407405;0.07266264
aq016,test,software_engineering,semantic,hard,"Which engineering groups waited longest for an initial review and merge, and how often were revisions requested on their pull requests?",tbl_022,Dense,1,1,1,1,tbl_022;tbl_024;tbl_019;tbl_020;tbl_025,1.00000000;0.75995513;0.73374311;0.66038726;0.54207520
aq016,test,software_engineering,semantic,hard,"Which engineering groups waited longest for an initial review and merge, and how often were revisions requested on their pull requests?",tbl_022,RRF,1,1,1,1,tbl_022;tbl_023;tbl_024;tbl_025;tbl_019,0.03278689;0.03079839;0.02928693;0.02871795;0.02869353
aq016,test,software_engineering,semantic,hard,"Which engineering groups waited longest for an initial review and merge, and how often were revisions requested on their pull requests?",tbl_022,Weighted a=0.8,1,1,1,1,tbl_022;tbl_024;tbl_019;tbl_020;tbl_025,1.00000000;0.61217655;0.58724098;0.52855016;0.43790655
aq017,test,software_engineering,semantic,hard,"Which services delivered the weakest user experience when reliability, tail latency, error rate, and traffic volume are considered together?",tbl_023,BM25,1,1,1,1,tbl_023;tbl_035;tbl_029;tbl_047;tbl_014,1.00000000;0.54423819;0.34030644;0.21219229;0.13726889
aq017,test,software_engineering,semantic,hard,"Which services delivered the weakest user experience when reliability, tail latency, error rate, and traffic volume are considered together?",tbl_023,Dense,1,1,1,1,tbl_023;tbl_007;tbl_002;tbl_013;tbl_012,1.00000000;0.62740615;0.59307951;0.58589354;0.58416737
aq017,test,software_engineering,semantic,hard,"Which services delivered the weakest user experience when reliability, tail latency, error rate, and traffic volume are considered together?",tbl_023,RRF,1,1,1,1,tbl_023;tbl_013;tbl_014;tbl_047;tbl_005,0.03278689;0.03077652;0.02837163;0.02812500;0.02778314
aq017,test,software_engineering,semantic,hard,"Which services delivered the weakest user experience when reliability, tail latency, error rate, and traffic volume are considered together?",tbl_023,Weighted a=0.8,1,1,1,1,tbl_023;tbl_007;tbl_013;tbl_002;tbl_012,1.00000000;0.50192492;0.48540210;0.47446361;0.46733390
aq018,test,software_engineering,semantic,hard,"Which repositories were carrying the largest unresolved security exposure, especially severe findings that took a long time to fix?",tbl_025,BM25,3,0,1,1,tbl_055;tbl_033;tbl_025;tbl_043;tbl_032,1.00000000;0.86389369;0.68961151;0.19476349;0.10107756
aq018,test,software_engineering,semantic,hard,"Which repositories were carrying the largest unresolved security exposure, especially severe findings that took a long time to fix?",tbl_025,Dense,1,1,1,1,tbl_025;tbl_019;tbl_021;tbl_010;tbl_015,1.00000000;0.88875362;0.59811414;0.58858716;0.55340647
aq018,test,software_engineering,semantic,hard,"Which repositories were carrying the largest unresolved security exposure, especially severe findings that took a long time to fix?",tbl_025,RRF,1,1,1,1,tbl_025;tbl_020;tbl_055;tbl_013;tbl_033,0.03226646;0.03007689;0.02972678;0.02791239;0.02643831
aq018,test,software_engineering,semantic,hard,"Which repositories were carrying the largest unresolved security exposure, especially severe findings that took a long time to fix?",tbl_025,Weighted a=0.8,1,1,1,1,tbl_025;tbl_019;tbl_055;tbl_021;tbl_010,0.93792230;0.71100290;0.55804515;0.47849131;0.47086973
aq019,test,employment,semantic,hard,"Where were employers offering the most openings for each role, and what did those advertisements reveal about junior access, remote options, and advertised pay?",tbl_028,BM25,2,0,1,1,tbl_029;tbl_028;tbl_034;tbl_027;tbl_030,1.00000000;0.70441861;0.62681666;0.53601816;0.15711389
aq019,test,employment,semantic,hard,"Where were employers offering the most openings for each role, and what did those advertisements reveal about junior access, remote options, and advertised pay?",tbl_028,Dense,1,1,1,1,tbl_028;tbl_030;tbl_031;tbl_034;tbl_033,1.00000000;0.95614023;0.90031345;0.81098086;0.80180807
aq019,test,employment,semantic,hard,"Where were employers offering the most openings for each role, and what did those advertisements reveal about junior access, remote options, and advertised pay?",tbl_028,RRF,1,1,1,1,tbl_028;tbl_030;tbl_034;tbl_029;tbl_033,0.03252247;0.03151365;0.03149802;0.03109932;0.02946912
aq019,test,employment,semantic,hard,"Where were employers offering the most openings for each role, and what did those advertisements reveal about junior access, remote options, and advertised pay?",tbl_028,Weighted a=0.8,1,1,1,1,tbl_028;tbl_030;tbl_034;tbl_031;tbl_029,0.94088372;0.79633496;0.77414802;0.72025076;0.72007739
aq020,test,employment,semantic,hard,How wide was the pay range for workers in the same role once experience level and region were held apart?,tbl_029,BM25,1,1,1,1,tbl_029;tbl_028;tbl_045;tbl_055;tbl_034,1.00000000;0.42708499;0.29493123;0.22675652;0.22087775
aq020,test,employment,semantic,hard,How wide was the pay range for workers in the same role once experience level and region were held apart?,tbl_029,Dense,1,1,1,1,tbl_029;tbl_028;tbl_032;tbl_034;tbl_035,1.00000000;0.96647112;0.94626887;0.83525406;0.82113904
aq020,test,employment,semantic,hard,How wide was the pay range for workers in the same role once experience level and region were held apart?,tbl_029,RRF,1,1,1,1,tbl_029;tbl_028;tbl_034;tbl_030;tbl_033,0.03278689;0.03225806;0.03100962;0.03007689;0.02985740
aq020,test,employment,semantic,hard,How wide was the pay range for workers in the same role once experience level and region were held apart?,tbl_029,Weighted a=0.8,1,1,1,1,tbl_029;tbl_028;tbl_032;tbl_034;tbl_035,1.00000000;0.85859390;0.76154199;0.71237880;0.66179935
aq021,test,employment,semantic,hard,"For each occupation, which capabilities appeared in the largest fraction of analysed job advertisements over the quarters?",tbl_030,BM25,1,1,1,1,tbl_030;tbl_050;tbl_045;tbl_029;tbl_028,1.00000000;0.37941939;0.35886969;0.28070635;0.13498783
aq021,test,employment,semantic,hard,"For each occupation, which capabilities appeared in the largest fraction of analysed job advertisements over the quarters?",tbl_030,Dense,1,1,1,1,tbl_030;tbl_028;tbl_032;tbl_034;tbl_031,1.00000000;0.78317882;0.73958989;0.64966046;0.62483756
aq021,test,employment,semantic,hard,"For each occupation, which capabilities appeared in the largest fraction of analysed job advertisements over the quarters?",tbl_030,RRF,1,1,1,1,tbl_030;tbl_028;tbl_034;tbl_032;tbl_029,0.03278689;0.03151365;0.03077652;0.03036577;0.03033088
aq021,test,employment,semantic,hard,"For each occupation, which capabilities appeared in the largest fraction of analysed job advertisements over the quarters?",tbl_030,Weighted a=0.8,1,1,1,1,tbl_030;tbl_028;tbl_032;tbl_034;tbl_029,1.00000000;0.65354063;0.59883162;0.54152334;0.52348539
aq022,test,employment,semantic,hard,"Which regions and industries converted agency-submitted candidates into placements, and were those hires mainly permanent or temporary?",tbl_031,BM25,1,1,1,1,tbl_031;tbl_034;tbl_049;tbl_023;tbl_014,1.00000000;0.15021602;0.08937401;0.07761890;0.07468256
aq022,test,employment,semantic,hard,"Which regions and industries converted agency-submitted candidates into placements, and were those hires mainly permanent or temporary?",tbl_031,Dense,1,1,1,1,tbl_031;tbl_028;tbl_033;tbl_030;tbl_032,1.00000000;0.72269505;0.70056121;0.60847322;0.58423260
aq022,test,employment,semantic,hard,"Which regions and industries converted agency-submitted candidates into placements, and were those hires mainly permanent or temporary?",tbl_031,RRF,1,1,1,1,tbl_031;tbl_034;tbl_028;tbl_029;tbl_044,0.03278689;0.03105441;0.02982766;0.02941176;0.02904040
aq022,test,employment,semantic,hard,"Which regions and industries converted agency-submitted candidates into placements, and were those hires mainly permanent or temporary?",tbl_031,Weighted a=0.8,1,1,1,1,tbl_031;tbl_028;tbl_033;tbl_030;tbl_032,1.00000000;0.57815604;0.56044897;0.48677857;0.46738608
aq023,test,employment,semantic,hard,"For which roles and regions did recruitment take longest, and did accepted offers later translate into successful probation outcomes?",tbl_033,BM25,1,1,1,1,tbl_033;tbl_018;tbl_024;tbl_034;tbl_049,1.00000000;0.89476671;0.48831058;0.45291121;0.26946852
aq023,test,employment,semantic,hard,"For which roles and regions did recruitment take longest, and did accepted offers later translate into successful probation outcomes?",tbl_033,Dense,1,1,1,1,tbl_033;tbl_031;tbl_035;tbl_028;tbl_030,1.00000000;0.79768912;0.72438269;0.61422732;0.54698052
aq023,test,employment,semantic,hard,"For which roles and regions did recruitment take longest, and did accepted offers later translate into successful probation outcomes?",tbl_033,RRF,1,1,1,1,tbl_033;tbl_034;tbl_031;tbl_028;tbl_029,0.03278689;0.03077652;0.03001792;0.02895833;0.02877847
aq023,test,employment,semantic,hard,"For which roles and regions did recruitment take longest, and did accepted offers later translate into successful probation outcomes?",tbl_033,Weighted a=0.8,1,1,1,1,tbl_033;tbl_031;tbl_035;tbl_034;tbl_028,1.00000000;0.66246717;0.57950615;0.52680632;0.49138185
aq024,test,employment,semantic,hard,Which regional training schemes kept participants through completion and then moved the largest share into work within three months?,tbl_035,BM25,1,1,1,1,tbl_035;tbl_034;tbl_001;tbl_032;tbl_028,1.00000000;0.38720350;0.30803614;0.20304269;0.17495278
aq024,test,employment,semantic,hard,Which regional training schemes kept participants through completion and then moved the largest share into work within three months?,tbl_035,Dense,1,1,1,1,tbl_035;tbl_032;tbl_034;tbl_028;tbl_031,1.00000000;0.69128566;0.65227443;0.62919498;0.62415617
aq024,test,employment,semantic,hard,Which regional training schemes kept participants through completion and then moved the largest share into work within three months?,tbl_035,RRF,1,1,1,1,tbl_035;tbl_034;tbl_032;tbl_028;tbl_001,0.03278689;0.03200205;0.03175403;0.03100962;0.03036577
aq024,test,employment,semantic,hard,Which regional training schemes kept participants through completion and then moved the largest share into work within three months?,tbl_035,Weighted a=0.8,1,1,1,1,tbl_035;tbl_034;tbl_032;tbl_028;tbl_031,1.00000000;0.59926024;0.59363707;0.53834654;0.49932493
aq025,test,football,semantic,hard,"For each fixture, which side played at home, what was the final score, and whether the outcome was a home win, away win, or draw?",tbl_036,BM25,1,1,1,1,tbl_036;tbl_040;tbl_049;tbl_018;tbl_037,1.00000000;0.20675216;0.16020841;0.08076639;0.07199347
aq025,test,football,semantic,hard,"For each fixture, which side played at home, what was the final score, and whether the outcome was a home win, away win, or draw?",tbl_036,Dense,1,1,1,1,tbl_036;tbl_040;tbl_037;tbl_041;tbl_043,1.00000000;0.74204789;0.68738965;0.63591713;0.60477074
aq025,test,football,semantic,hard,"For each fixture, which side played at home, what was the final score, and whether the outcome was a home win, away win, or draw?",tbl_036,RRF,1,1,1,1,tbl_036;tbl_040;tbl_037;tbl_038;tbl_018,0.03278689;0.03225806;0.03125763;0.02963126;0.02782012
aq025,test,football,semantic,hard,"For each fixture, which side played at home, what was the final score, and whether the outcome was a home win, away win, or draw?",tbl_036,Weighted a=0.8,1,1,1,1,tbl_036;tbl_040;tbl_037;tbl_041;tbl_043,1.00000000;0.63498874;0.56431041;0.50873370;0.48381659
aq026,test,football,semantic,hard,"Across seasons, which clubs ranked highest on points and goal difference after wins, draws, and losses were accumulated?",tbl_037,BM25,1,1,1,1,tbl_037;tbl_041;tbl_034;tbl_049;tbl_023,1.00000000;0.23447749;0.15186716;0.09035638;0.07847206
aq026,test,football,semantic,hard,"Across seasons, which clubs ranked highest on points and goal difference after wins, draws, and losses were accumulated?",tbl_037,Dense,1,1,1,1,tbl_037;tbl_036;tbl_041;tbl_038;tbl_042,1.00000000;0.87234562;0.85117261;0.79913154;0.77549585
aq026,test,football,semantic,hard,"Across seasons, which clubs ranked highest on points and goal difference after wins, draws, and losses were accumulated?",tbl_037,RRF,1,1,1,1,tbl_037;tbl_041;tbl_017;tbl_048;tbl_060,0.03278689;0.03200205;0.02798434;0.02778314;0.02720588
aq026,test,football,semantic,hard,"Across seasons, which clubs ranked highest on points and goal difference after wins, draws, and losses were accumulated?",tbl_037,Weighted a=0.8,1,1,1,1,tbl_037;tbl_041;tbl_036;tbl_038;tbl_042,1.00000000;0.72783358;0.69787650;0.63930523;0.62039668
aq027,test,football,semantic,hard,Which outfield players combined high scoring and chance creation with strong ratings after accounting for appearances and minutes?,tbl_038,BM25,3,0,1,1,tbl_055;tbl_007;tbl_038;tbl_015;tbl_034,1.00000000;0.86609950;0.50516919;0.40946021;0.39111189
aq027,test,football,semantic,hard,Which outfield players combined high scoring and chance creation with strong ratings after accounting for appearances and minutes?,tbl_038,Dense,1,1,1,1,tbl_038;tbl_041;tbl_042;tbl_037;tbl_043,1.00000000;0.91502761;0.90155907;0.80624024;0.78166588
aq027,test,football,semantic,hard,Which outfield players combined high scoring and chance creation with strong ratings after accounting for appearances and minutes?,tbl_038,RRF,1,1,1,1,tbl_038;tbl_042;tbl_039;tbl_014;tbl_055,0.03226646;0.03102453;0.02825871;0.02798434;0.02639344
aq027,test,football,semantic,hard,Which outfield players combined high scoring and chance creation with strong ratings after accounting for appearances and minutes?,tbl_038,Weighted a=0.8,1,1,1,1,tbl_038;tbl_042;tbl_041;tbl_037;tbl_043,0.90103384;0.78718251;0.73202209;0.64499219;0.62533270
aq028,test,football,semantic,hard,"Which players lost the most availability through cautions, dismissals, and the suspensions that followed?",tbl_039,BM25,,0,0,0,tbl_034;tbl_023;tbl_017;tbl_037;tbl_049,1.00000000;0.72085945;0.58587577;0.57523006;0.10334339
aq028,test,football,semantic,hard,"Which players lost the most availability through cautions, dismissals, and the suspensions that followed?",tbl_039,Dense,2,0,1,1,tbl_043;tbl_039;tbl_038;tbl_040;tbl_042,1.00000000;0.83054493;0.69261500;0.65141801;0.64748426
aq028,test,football,semantic,hard,"Which players lost the most availability through cautions, dismissals, and the suspensions that followed?",tbl_039,RRF,15,0,0,0,tbl_017;tbl_037;tbl_023;tbl_034;tbl_014,0.02995752;0.02991071;0.02928693;0.02905167;0.02866503
aq028,test,football,semantic,hard,"Which players lost the most availability through cautions, dismissals, and the suspensions that followed?",tbl_039,Weighted a=0.8,2,0,1,1,tbl_043;tbl_039;tbl_038;tbl_040;tbl_042,0.80000000;0.66443594;0.55409200;0.52113441;0.51798741
aq029,test,football,semantic,hard,"Which fixtures came closest to filling the stadium, and how many of the spectators were supporting the visiting club?",tbl_040,BM25,1,1,1,1,tbl_040;tbl_050;tbl_033;tbl_043;tbl_039,1.00000000;0.63842833;0.36519133;0.25199358;0.23750563
aq029,test,football,semantic,hard,"Which fixtures came closest to filling the stadium, and how many of the spectators were supporting the visiting club?",tbl_040,Dense,1,1,1,1,tbl_040;tbl_036;tbl_043;tbl_048;tbl_050,1.00000000;0.62952784;0.55707055;0.51531428;0.51273225
aq029,test,football,semantic,hard,"Which fixtures came closest to filling the stadium, and how many of the spectators were supporting the visiting club?",tbl_040,RRF,1,1,1,1,tbl_040;tbl_050;tbl_043;tbl_039;tbl_045,0.03278689;0.03151365;0.03149802;0.02987737;0.02848485
aq029,test,football,semantic,hard,"Which fixtures came closest to filling the stadium, and how many of the spectators were supporting the visiting club?",tbl_040,Weighted a=0.8,1,1,1,1,tbl_040;tbl_050;tbl_036;tbl_043;tbl_039,1.00000000;0.53787146;0.50362228;0.49605516;0.42179172
aq030,test,football,semantic,hard,"Which goalkeepers prevented the largest share of attempts while also recording clean sheets, and how many goals did they concede?",tbl_042,BM25,1,1,1,1,tbl_042;tbl_050;tbl_001;tbl_041;tbl_028,1.00000000;0.46997251;0.31217892;0.28426222;0.23953279
aq030,test,football,semantic,hard,"Which goalkeepers prevented the largest share of attempts while also recording clean sheets, and how many goals did they concede?",tbl_042,Dense,1,1,1,1,tbl_042;tbl_039;tbl_041;tbl_036;tbl_043,1.00000000;0.61759762;0.59269727;0.57310683;0.55114592
aq030,test,football,semantic,hard,"Which goalkeepers prevented the largest share of attempts while also recording clean sheets, and how many goals did they concede?",tbl_042,RRF,1,1,1,1,tbl_042;tbl_041;tbl_036;tbl_038;tbl_013,0.03278689;0.03149802;0.03077652;0.02964427;0.02837022
aq030,test,football,semantic,hard,"Which goalkeepers prevented the largest share of attempts while also recording clean sheets, and how many goals did they concede?",tbl_042,Weighted a=0.8,1,1,1,1,tbl_042;tbl_041;tbl_036;tbl_039;tbl_038,1.00000000;0.53101026;0.49890568;0.49407809;0.45336369
aq031,test,tourism,semantic,hard,"Which destinations gained or lost visitor volume year over year, and was the change driven more by residents or overseas travellers?",tbl_044,BM25,1,1,1,1,tbl_044;tbl_058;tbl_032;tbl_037;tbl_017,1.00000000;0.79302347;0.75522510;0.23853411;0.21309170
aq031,test,tourism,semantic,hard,"Which destinations gained or lost visitor volume year over year, and was the change driven more by residents or overseas travellers?",tbl_044,Dense,1,1,1,1,tbl_044;tbl_048;tbl_047;tbl_051;tbl_050,1.00000000;0.97778220;0.79555126;0.77734593;0.77733244
aq031,test,tourism,semantic,hard,"Which destinations gained or lost visitor volume year over year, and was the change driven more by residents or overseas travellers?",tbl_044,RRF,1,1,1,1,tbl_044;tbl_048;tbl_032;tbl_050;tbl_049,0.03278689;0.03128055;0.03036577;0.03030999;0.02921109
aq031,test,tourism,semantic,hard,"Which destinations gained or lost visitor volume year over year, and was the change driven more by residents or overseas travellers?",tbl_044,Weighted a=0.8,1,1,1,1,tbl_044;tbl_048;tbl_050;tbl_047;tbl_051,1.00000000;0.81774852;0.64847615;0.63644101;0.62187674
aq032,test,tourism,semantic,hard,"Where did visitors collectively spend the most nights, how much came from domestic versus international guests, and how long was a typical stay?",tbl_045,BM25,1,1,1,1,tbl_045;tbl_044;tbl_047;tbl_048;tbl_050,1.00000000;0.63880138;0.58941553;0.56991428;0.30287972
aq032,test,tourism,semantic,hard,"Where did visitors collectively spend the most nights, how much came from domestic versus international guests, and how long was a typical stay?",tbl_045,Dense,1,1,1,1,tbl_045;tbl_046;tbl_051;tbl_048;tbl_044,1.00000000;0.84836581;0.80116975;0.77085887;0.77053922
aq032,test,tourism,semantic,hard,"Where did visitors collectively spend the most nights, how much came from domestic versus international guests, and how long was a typical stay?",tbl_045,RRF,1,1,1,1,tbl_045;tbl_044;tbl_048;tbl_051;tbl_047,0.03278689;0.03151365;0.03125000;0.03079839;0.03057890
aq032,test,tourism,semantic,hard,"Where did visitors collectively spend the most nights, how much came from domestic versus international guests, and how long was a typical stay?",tbl_045,Weighted a=0.8,1,1,1,1,tbl_045;tbl_044;tbl_048;tbl_046;tbl_051,1.00000000;0.74419166;0.73066995;0.67869265;0.67297877
aq033,test,tourism,semantic,hard,"For each hotel class, which destinations sold the largest share of available rooms and at what average nightly price?",tbl_046,BM25,1,1,1,1,tbl_046;tbl_050;tbl_001;tbl_045;tbl_007,1.00000000;0.36152243;0.31424726;0.21703328;0.20041127
aq033,test,tourism,semantic,hard,"For each hotel class, which destinations sold the largest share of available rooms and at what average nightly price?",tbl_046,Dense,1,1,1,1,tbl_046;tbl_045;tbl_051;tbl_048;tbl_003,1.00000000;0.80148169;0.79258279;0.65672325;0.57235541
aq033,test,tourism,semantic,hard,"For each hotel class, which destinations sold the largest share of available rooms and at what average nightly price?",tbl_046,RRF,1,1,1,1,tbl_046;tbl_045;tbl_050;tbl_001;tbl_048,0.03278689;0.03175403;0.03128055;0.03036577;0.03011775
aq033,test,tourism,semantic,hard,"For each hotel class, which destinations sold the largest share of available rooms and at what average nightly price?",tbl_046,Weighted a=0.8,1,1,1,1,tbl_046;tbl_045;tbl_051;tbl_048;tbl_050,1.00000000;0.68459201;0.63815787;0.54601410;0.51613324
aq034,test,tourism,semantic,hard,"Which airports handled the greatest combined passenger flow, and how many aircraft movements supported that traffic?",tbl_047,BM25,1,1,1,1,tbl_047;tbl_049;tbl_013;tbl_034;tbl_023,1.00000000;0.29197555;0.09741252;0.06620217;0.03420766
aq034,test,tourism,semantic,hard,"Which airports handled the greatest combined passenger flow, and how many aircraft movements supported that traffic?",tbl_047,Dense,1,1,1,1,tbl_047;tbl_007;tbl_049;tbl_013;tbl_044,1.00000000;0.65227838;0.58791132;0.56561181;0.50168324
aq034,test,tourism,semantic,hard,"Which airports handled the greatest combined passenger flow, and how many aircraft movements supported that traffic?",tbl_047,RRF,1,1,1,1,tbl_047;tbl_049;tbl_013;tbl_044;tbl_048,0.03278689;0.03200205;0.03149802;0.03030999;0.02885015
aq034,test,tourism,semantic,hard,"Which airports handled the greatest combined passenger flow, and how many aircraft movements supported that traffic?",tbl_047,Weighted a=0.8,1,1,1,1,tbl_047;tbl_049;tbl_007;tbl_013;tbl_044,1.00000000;0.52872416;0.52182270;0.47197195;0.40751685
aq035,test,tourism,semantic,hard,Which origin markets generated the greatest estimated value for each destination once daily and whole-trip visitor spending are compared?,tbl_048,BM25,1,1,1,1,tbl_048;tbl_051;tbl_017;tbl_044;tbl_046,1.00000000;0.48737913;0.47391179;0.44041840;0.21585592
aq035,test,tourism,semantic,hard,Which origin markets generated the greatest estimated value for each destination once daily and whole-trip visitor spending are compared?,tbl_048,Dense,1,1,1,1,tbl_048;tbl_044;tbl_051;tbl_045;tbl_046,1.00000000;0.79832731;0.75878701;0.70605399;0.70012190
aq035,test,tourism,semantic,hard,Which origin markets generated the greatest estimated value for each destination once daily and whole-trip visitor spending are compared?,tbl_048,RRF,1,1,1,1,tbl_048;tbl_051;tbl_044;tbl_046;tbl_050,0.03278689;0.03200205;0.03175403;0.03076923;0.02985075
aq035,test,tourism,semantic,hard,Which origin markets generated the greatest estimated value for each destination once daily and whole-trip visitor spending are compared?,tbl_048,Weighted a=0.8,1,1,1,1,tbl_048;tbl_044;tbl_051;tbl_046;tbl_045,1.00000000;0.72674553;0.70450543;0.60326870;0.56484319
aq036,test,tourism,semantic,hard,"Which destinations earned the most from short-stay homes after listing supply, nights booked, occupancy, and nightly rate are considered?",tbl_051,BM25,1,1,1,1,tbl_051;tbl_045;tbl_046;tbl_053;tbl_023,1.00000000;0.42929500;0.35159550;0.28657490;0.23096129
aq036,test,tourism,semantic,hard,"Which destinations earned the most from short-stay homes after listing supply, nights booked, occupancy, and nightly rate are considered?",tbl_051,Dense,1,1,1,1,tbl_051;tbl_045;tbl_046;tbl_048;tbl_044,1.00000000;0.91266340;0.88055492;0.68742956;0.62038181
aq036,test,tourism,semantic,hard,"Which destinations earned the most from short-stay homes after listing supply, nights booked, occupancy, and nightly rate are considered?",tbl_051,RRF,1,1,1,1,tbl_051;tbl_045;tbl_046;tbl_003;tbl_034,0.03278689;0.03225806;0.03174603;0.02985075;0.02898551
aq036,test,tourism,semantic,hard,"Which destinations earned the most from short-stay homes after listing supply, nights booked, occupancy, and nightly rate are considered?",tbl_051,Weighted a=0.8,1,1,1,1,tbl_051;tbl_045;tbl_046;tbl_048;tbl_044,1.00000000;0.81598972;0.77476304;0.55119148;0.50503924
aq037,test,weather,semantic,hard,"At which observation sites and dates was the daily temperature range widest, and were those readings marked as quality checked?",tbl_052,BM25,1,1,1,1,tbl_052;tbl_060;tbl_018;tbl_007;tbl_048,1.00000000;0.88326209;0.42593139;0.23558583;0.22180657
aq037,test,weather,semantic,hard,"At which observation sites and dates was the daily temperature range widest, and were those readings marked as quality checked?",tbl_052,Dense,1,1,1,1,tbl_052;tbl_058;tbl_057;tbl_060;tbl_059,1.00000000;0.84652616;0.77478363;0.74267302;0.70849744
aq037,test,weather,semantic,hard,"At which observation sites and dates was the daily temperature range widest, and were those readings marked as quality checked?",tbl_052,RRF,1,1,1,1,tbl_052;tbl_060;tbl_058;tbl_059;tbl_018,0.03278689;0.03175403;0.03105441;0.02908325;0.02886003
aq037,test,weather,semantic,hard,"At which observation sites and dates was the daily temperature range widest, and were those readings marked as quality checked?",tbl_052,Weighted a=0.8,1,1,1,1,tbl_052;tbl_060;tbl_058;tbl_057;tbl_059,1.00000000;0.77079083;0.71838849;0.61982690;0.58540617
aq038,test,weather,semantic,hard,"Which regions received unusually wet months, considering total rain, number of wet days, the heaviest single day, and departure from normal?",tbl_053,BM25,1,1,1,1,tbl_053;tbl_050;tbl_045;tbl_044;tbl_001,1.00000000;0.48181629;0.26883856;0.17284567;0.16006287
aq038,test,weather,semantic,hard,"Which regions received unusually wet months, considering total rain, number of wet days, the heaviest single day, and departure from normal?",tbl_053,Dense,1,1,1,1,tbl_053;tbl_057;tbl_056;tbl_054;tbl_059,1.00000000;0.74020532;0.70727295;0.66431900;0.65934985
aq038,test,weather,semantic,hard,"Which regions received unusually wet months, considering total rain, number of wet days, the heaviest single day, and departure from normal?",tbl_053,RRF,1,1,1,1,tbl_053;tbl_044;tbl_045;tbl_058;tbl_060,0.03278689;0.03033088;0.02995752;0.02857726;0.02848485
aq038,test,weather,semantic,hard,"Which regions received unusually wet months, considering total rain, number of wet days, the heaviest single day, and departure from normal?",tbl_053,Weighted a=0.8,1,1,1,1,tbl_053;tbl_057;tbl_056;tbl_054;tbl_059,1.00000000;0.59583551;0.56974009;0.53459616;0.53163643
aq039,test,weather,semantic,hard,"Which land stations had the most persistent strong winds, and what direction and peak gust accompanied those months?",tbl_054,BM25,2,0,1,1,tbl_060;tbl_054;tbl_055;tbl_034;tbl_059,1.00000000;0.62360442;0.54638609;0.21369809;0.16386792
aq039,test,weather,semantic,hard,"Which land stations had the most persistent strong winds, and what direction and peak gust accompanied those months?",tbl_054,Dense,1,1,1,1,tbl_054;tbl_059;tbl_053;tbl_057;tbl_056,1.00000000;0.73189190;0.64943716;0.64756408;0.60245833
aq039,test,weather,semantic,hard,"Which land stations had the most persistent strong winds, and what direction and peak gust accompanied those months?",tbl_054,RRF,1,1,1,1,tbl_054;tbl_060;tbl_059;tbl_055;tbl_044,0.03252247;0.03154496;0.03151365;0.03057890;0.02877847
aq039,test,weather,semantic,hard,"Which land stations had the most persistent strong winds, and what direction and peak gust accompanied those months?",tbl_054,Weighted a=0.8,1,1,1,1,tbl_054;tbl_060;tbl_059;tbl_055;tbl_053,0.92472088;0.67235643;0.61828710;0.55889253;0.51954972
aq040,test,weather,semantic,hard,"Which hazardous weather episodes combined high severity, broad geographic reach, long duration, and little advance warning?",tbl_055,BM25,1,1,1,1,tbl_055;tbl_007;tbl_024;tbl_060;tbl_021,1.00000000;0.28047959;0.22689873;0.20189791;0.19126249
aq040,test,weather,semantic,hard,"Which hazardous weather episodes combined high severity, broad geographic reach, long duration, and little advance warning?",tbl_055,Dense,1,1,1,1,tbl_055;tbl_015;tbl_053;tbl_013;tbl_059,1.00000000;0.74234998;0.70677489;0.68356315;0.66149520
aq040,test,weather,semantic,hard,"Which hazardous weather episodes combined high severity, broad geographic reach, long duration, and little advance warning?",tbl_055,RRF,1,1,1,1,tbl_055;tbl_013;tbl_060;tbl_059;tbl_052,0.03278689;0.03077652;0.03055037;0.03009050;0.02943723
aq040,test,weather,semantic,hard,"Which hazardous weather episodes combined high severity, broad geographic reach, long duration, and little advance warning?",tbl_055,Weighted a=0.8,1,1,1,1,tbl_055;tbl_015;tbl_013;tbl_053;tbl_059,1.00000000;0.59681411;0.58241169;0.58010237;0.55779802
aq041,test,weather,semantic,hard,At which ports did rough seas and frequent strong-wind days cause the longest service interruptions?,tbl_059,BM25,3,0,1,1,tbl_007;tbl_023;tbl_059;tbl_026;tbl_034,1.00000000;0.69065456;0.48867338;0.25419996;0.18432962
aq041,test,weather,semantic,hard,At which ports did rough seas and frequent strong-wind days cause the longest service interruptions?,tbl_059,Dense,1,1,1,1,tbl_059;tbl_049;tbl_007;tbl_054;tbl_023,1.00000000;0.57400311;0.55591231;0.54880770;0.54037667
aq041,test,weather,semantic,hard,At which ports did rough seas and frequent strong-wind days cause the longest service interruptions?,tbl_059,RRF,2,0,1,1,tbl_007;tbl_059;tbl_023;tbl_049;tbl_020,0.03226646;0.03226646;0.03151365;0.03062179;0.02985075
aq041,test,weather,semantic,hard,At which ports did rough seas and frequent strong-wind days cause the longest service interruptions?,tbl_059,Weighted a=0.8,1,1,1,1,tbl_059;tbl_007;tbl_023;tbl_049;tbl_054,0.89773468;0.64472985;0.57043225;0.48189374;0.44823743
aq042,test,weather,semantic,hard,"Which mountain sites accumulated the deepest snowpack after fresh snowfall, and how complete were the weekly observations?",tbl_060,BM25,1,1,1,1,tbl_060;tbl_052;tbl_034;tbl_049;tbl_023,1.00000000;0.22051065;0.11696489;0.06959059;0.06043753
aq042,test,weather,semantic,hard,"Which mountain sites accumulated the deepest snowpack after fresh snowfall, and how complete were the weekly observations?",tbl_060,Dense,1,1,1,1,tbl_060;tbl_053;tbl_055;tbl_052;tbl_056,1.00000000;0.47612928;0.35462667;0.34436959;0.32804121
aq042,test,weather,semantic,hard,"Which mountain sites accumulated the deepest snowpack after fresh snowfall, and how complete were the weekly observations?",tbl_060,RRF,1,1,1,1,tbl_060;tbl_052;tbl_023;tbl_034;tbl_017,0.03278689;0.03175403;0.02871795;0.02750092;0.02625746
aq042,test,weather,semantic,hard,"Which mountain sites accumulated the deepest snowpack after fresh snowfall, and how complete were the weekly observations?",tbl_060,Weighted a=0.8,1,1,1,1,tbl_060;tbl_053;tbl_052;tbl_055;tbl_056,1.00000000;0.38090342;0.31959780;0.28370133;0.26243297
