query_id,split,domain,query_type,question,expected_table_ids,dense_rank,weighted_rank,outcome,same_top_5_order,dense_top_5,weighted_top_5
q001,dev,healthcare,lexical,Which hospital and diagnosis group recorded the most admissions in each report month?,tbl_001,1,1,same_relevant_rank,False,tbl_001;tbl_005;tbl_009;tbl_006;tbl_003,tbl_001;tbl_005;tbl_009;tbl_003;tbl_006
q004,dev,healthcare,semantic,Which facilities experienced the longest delays before emergency patients were seen?,tbl_002,1,1,same_relevant_rank,False,tbl_002;tbl_007;tbl_006;tbl_008;tbl_001,tbl_002;tbl_007;tbl_003;tbl_006;tbl_004
q005,dev,healthcare,lexical,Which hospital departments had the highest bed occupancy percentage by month?,tbl_003,1,1,same_relevant_rank,False,tbl_003;tbl_001;tbl_005;tbl_046;tbl_006,tbl_003;tbl_001;tbl_005;tbl_006;tbl_046
q008,dev,healthcare,semantic,Which clinical units appear most understaffed or dependent on overtime?,tbl_004,1,1,same_relevant_rank,True,tbl_004;tbl_002;tbl_003;tbl_005;tbl_006,tbl_004;tbl_002;tbl_003;tbl_005;tbl_006
q009,dev,healthcare,lexical,Which hospitals and condition groups had the highest thirty-day readmission rates?,tbl_005,1,1,same_relevant_rank,True,tbl_005;tbl_001;tbl_009;tbl_002;tbl_006,tbl_005;tbl_001;tbl_009;tbl_002;tbl_006
q012,dev,healthcare,semantic,Where were outpatient bookings least successfully converted into completed visits?,tbl_006,1,1,same_relevant_rank,False,tbl_006;tbl_001;tbl_046;tbl_005;tbl_008,tbl_006;tbl_001;tbl_002;tbl_046;tbl_005
q013,dev,healthcare,lexical,Which service districts recorded the most ambulance and high-priority arrivals?,tbl_007,1,1,same_relevant_rank,True,tbl_007;tbl_002;tbl_012;tbl_013;tbl_006,tbl_007;tbl_002;tbl_012;tbl_013;tbl_006
q016,dev,healthcare,semantic,Where were planned operations most frequently lost because of patient or capacity problems?,tbl_008,1,1,same_relevant_rank,True,tbl_008;tbl_002;tbl_006;tbl_007;tbl_003,tbl_008;tbl_002;tbl_006;tbl_007;tbl_003
q017,dev,healthcare,lexical,"How many CT, MRI, and ultrasound examinations were performed at each hospital by quarter?",tbl_009,1,1,same_relevant_rank,True,tbl_009;tbl_005;tbl_001;tbl_006;tbl_003,tbl_009;tbl_005;tbl_001;tbl_006;tbl_003
q020,dev,public_safety,semantic,Where did recorded offences have the weakest case-clearance performance?,tbl_010,1,1,same_relevant_rank,True,tbl_010;tbl_011;tbl_018;tbl_013;tbl_039,tbl_010;tbl_011;tbl_018;tbl_013;tbl_039
q021,dev,public_safety,lexical,How many adult and juvenile arrests were recorded for each offence group and district?,tbl_011,1,1,same_relevant_rank,False,tbl_011;tbl_010;tbl_014;tbl_012;tbl_018,tbl_011;tbl_010;tbl_014;tbl_018;tbl_017
q024,dev,public_safety,semantic,Which areas and urgency classes waited longest for emergency police attendance?,tbl_012,2,1,weighted_improved,False,tbl_002;tbl_012;tbl_007;tbl_011;tbl_015,tbl_012;tbl_002;tbl_007;tbl_011;tbl_004
q025,dev,public_safety,lexical,"Which areas recorded the most road accidents, injuries, and fatalities by severity?",tbl_013,1,1,same_relevant_rank,False,tbl_013;tbl_015;tbl_010;tbl_014;tbl_018,tbl_013;tbl_018;tbl_015;tbl_014;tbl_010
q028,dev,public_safety,semantic,"Where was vehicle theft recovery weakest for cars, motorcycles, or commercial vehicles?",tbl_014,1,1,same_relevant_rank,False,tbl_014;tbl_017;tbl_013;tbl_015;tbl_018,tbl_014;tbl_017;tbl_013;tbl_011;tbl_010
q029,dev,public_safety,lexical,Which response areas had the most fire and rescue incidents and people rescued?,tbl_015,1,1,same_relevant_rank,True,tbl_015;tbl_012;tbl_013;tbl_007;tbl_055,tbl_015;tbl_012;tbl_013;tbl_007;tbl_055
q032,dev,public_safety,semantic,Where were nuisance reports least likely to be resolved within seven days?,tbl_016,1,1,same_relevant_rank,False,tbl_016;tbl_017;tbl_010;tbl_021;tbl_019,tbl_016;tbl_017;tbl_010;tbl_014;tbl_021
q033,dev,public_safety,lexical,Which districts and property categories had the most lost or stolen property reports and recoveries?,tbl_017,1,1,same_relevant_rank,False,tbl_017;tbl_014;tbl_010;tbl_013;tbl_015,tbl_017;tbl_014;tbl_010;tbl_015;tbl_013
q036,dev,public_safety,semantic,Where did roadside inspections produce the strongest enforcement outcomes?,tbl_018,1,1,same_relevant_rank,True,tbl_018;tbl_013;tbl_014;tbl_016;tbl_011,tbl_018;tbl_013;tbl_014;tbl_016;tbl_011
q037,dev,software_engineering,lexical,"Which repositories opened and closed the most issues, and what backlog remained?",tbl_019,1,1,same_relevant_rank,True,tbl_019;tbl_025;tbl_027;tbl_020;tbl_024,tbl_019;tbl_025;tbl_027;tbl_020;tbl_024
q040,dev,software_engineering,semantic,Where was software delivery least reliable or slowest to reach production?,tbl_020,2,1,weighted_improved,False,tbl_023;tbl_020;tbl_021;tbl_024;tbl_019,tbl_020;tbl_023;tbl_021;tbl_024;tbl_019
q041,dev,software_engineering,lexical,Which applications had the most production incidents and repeat incidents by severity?,tbl_021,1,1,same_relevant_rank,False,tbl_021;tbl_020;tbl_015;tbl_013;tbl_010,tbl_021;tbl_020;tbl_015;tbl_010;tbl_013
q044,dev,software_engineering,semantic,Which teams experienced the slowest code-review flow or the most requested changes?,tbl_022,1,1,same_relevant_rank,True,tbl_022;tbl_025;tbl_019;tbl_023;tbl_024,tbl_022;tbl_025;tbl_019;tbl_023;tbl_024
q045,dev,software_engineering,lexical,"Which services had the highest availability, latency, error rate, and request volume by month?",tbl_023,1,1,same_relevant_rank,True,tbl_023;tbl_026;tbl_007;tbl_002;tbl_027,tbl_023;tbl_026;tbl_007;tbl_002;tbl_027
q048,dev,software_engineering,semantic,Where were automated builds least reliable or most expensive in compute time?,tbl_024,2,1,weighted_improved,False,tbl_023;tbl_024;tbl_026;tbl_022;tbl_020,tbl_024;tbl_026;tbl_023;tbl_022;tbl_020
q049,dev,software_engineering,lexical,"Which repositories had the most new, remediated, and open security findings by severity?",tbl_025,1,1,same_relevant_rank,True,tbl_025;tbl_019;tbl_021;tbl_010;tbl_020,tbl_025;tbl_019;tbl_021;tbl_010;tbl_020
q052,dev,software_engineering,semantic,Which services exceeded their cloud budgets or generated the highest infrastructure spending?,tbl_026,1,1,same_relevant_rank,False,tbl_026;tbl_023;tbl_020;tbl_019;tbl_021,tbl_026;tbl_023;tbl_020;tbl_019;tbl_035
q053,dev,software_engineering,lexical,Which product services created and resolved the most support tickets by category?,tbl_027,1,1,same_relevant_rank,True,tbl_027;tbl_023;tbl_026;tbl_021;tbl_020,tbl_027;tbl_023;tbl_026;tbl_021;tbl_020
q056,dev,employment,semantic,Where was hiring demand strongest for junior-friendly or remote roles?,tbl_028,2,3,dense_improved,False,tbl_031;tbl_028;tbl_033;tbl_034;tbl_030,tbl_034;tbl_031;tbl_028;tbl_033;tbl_030
q057,dev,employment,lexical,"What are the median, p25, and p75 salaries by job role, experience level, and region?",tbl_029,1,1,same_relevant_rank,True,tbl_029;tbl_028;tbl_032;tbl_030;tbl_034,tbl_029;tbl_028;tbl_032;tbl_030;tbl_034
q060,dev,employment,semantic,What technical capabilities appear most in demand for different roles?,tbl_030,2,1,weighted_improved,False,tbl_028;tbl_030;tbl_034;tbl_032;tbl_029,tbl_030;tbl_028;tbl_034;tbl_032;tbl_029
q061,dev,employment,lexical,How many candidates were submitted and placed by recruitment region and industry sector?,tbl_031,1,1,same_relevant_rank,False,tbl_031;tbl_033;tbl_028;tbl_035;tbl_030,tbl_031;tbl_033;tbl_028;tbl_035;tbl_032
q064,dev,employment,semantic,Which regional sectors had the largest workforces and strongest annual employment growth?,tbl_032,1,1,same_relevant_rank,False,tbl_032;tbl_028;tbl_031;tbl_030;tbl_029,tbl_032;tbl_028;tbl_034;tbl_029;tbl_030
q065,dev,employment,lexical,"What was the median time to hire by role, region, and quarter?",tbl_033,1,1,same_relevant_rank,False,tbl_033;tbl_035;tbl_032;tbl_031;tbl_030,tbl_033;tbl_032;tbl_035;tbl_028;tbl_031
q068,dev,employment,semantic,Which roles and locations offered the greatest flexibility to work away from the office?,tbl_034,1,1,same_relevant_rank,False,tbl_034;tbl_028;tbl_032;tbl_004;tbl_031,tbl_034;tbl_028;tbl_033;tbl_032;tbl_004
q069,dev,employment,lexical,How many participants started and completed each workforce training programme?,tbl_035,1,1,same_relevant_rank,True,tbl_035;tbl_031;tbl_030;tbl_033;tbl_034,tbl_035;tbl_031;tbl_030;tbl_033;tbl_034
q072,dev,football,semantic,"Which clubs won, lost, or drew their league fixtures across the season?",tbl_036,2,2,same_relevant_rank,True,tbl_037;tbl_036;tbl_040;tbl_041;tbl_039,tbl_037;tbl_036;tbl_040;tbl_041;tbl_039
q073,dev,football,lexical,"What were each team's position, wins, draws, losses, goal difference, and points?",tbl_037,1,1,same_relevant_rank,True,tbl_037;tbl_036;tbl_041;tbl_038;tbl_042,tbl_037;tbl_036;tbl_041;tbl_038;tbl_042
q076,dev,football,semantic,Who delivered the strongest attacking output and average performance ratings?,tbl_038,4,3,weighted_improved,False,tbl_042;tbl_022;tbl_041;tbl_038;tbl_036,tbl_042;tbl_022;tbl_038;tbl_041;tbl_036
q077,dev,football,lexical,"Which players received the most yellow cards, red cards, and suspension matches?",tbl_039,1,1,same_relevant_rank,True,tbl_039;tbl_043;tbl_036;tbl_040;tbl_038,tbl_039;tbl_043;tbl_036;tbl_040;tbl_038
q080,dev,football,semantic,Which fixtures came closest to filling their stadiums?,tbl_040,1,1,same_relevant_rank,False,tbl_040;tbl_036;tbl_037;tbl_043;tbl_041,tbl_040;tbl_036;tbl_037;tbl_043;tbl_033
q081,dev,football,lexical,"Which teams produced the most shots, shots on target, goals, and expected goals?",tbl_041,1,1,same_relevant_rank,True,tbl_041;tbl_042;tbl_036;tbl_038;tbl_037,tbl_041;tbl_042;tbl_036;tbl_038;tbl_037
q084,dev,football,semantic,Who delivered the strongest shot-stopping performance by save percentage?,tbl_042,1,1,same_relevant_rank,False,tbl_042;tbl_041;tbl_038;tbl_014;tbl_010,tbl_042;tbl_041;tbl_038;tbl_014;tbl_022
q085,dev,football,lexical,Which players had the longest injury absences and missed the most matches?,tbl_043,1,1,same_relevant_rank,False,tbl_043;tbl_039;tbl_038;tbl_040;tbl_036,tbl_043;tbl_039;tbl_038;tbl_040;tbl_041
q088,dev,tourism,semantic,Which destinations attracted the most visitors and experienced the strongest annual growth?,tbl_044,1,2,dense_improved,False,tbl_044;tbl_048;tbl_047;tbl_051;tbl_050,tbl_048;tbl_044;tbl_050;tbl_047;tbl_051
q089,dev,tourism,lexical,How many domestic and international overnight stays were recorded in each region?,tbl_045,1,1,same_relevant_rank,False,tbl_045;tbl_044;tbl_046;tbl_034;tbl_051,tbl_045;tbl_044;tbl_034;tbl_046;tbl_047
q092,dev,tourism,semantic,"Where was hotel capacity used most intensively, and what did rooms typically cost?",tbl_046,1,1,same_relevant_rank,False,tbl_046;tbl_003;tbl_045;tbl_051;tbl_048,tbl_046;tbl_003;tbl_045;tbl_051;tbl_026
q093,dev,tourism,lexical,"How many domestic, international, and total passengers used each airport by month?",tbl_047,1,1,same_relevant_rank,False,tbl_047;tbl_044;tbl_049;tbl_007;tbl_046,tbl_047;tbl_044;tbl_049;tbl_045;tbl_007
q096,dev,tourism,semantic,Which source markets generated the greatest tourism value in each destination?,tbl_048,1,1,same_relevant_rank,False,tbl_048;tbl_051;tbl_044;tbl_046;tbl_049,tbl_048;tbl_051;tbl_044;tbl_045;tbl_046
q097,dev,tourism,lexical,How many cruise ship calls and passengers arrived at each port by month?,tbl_049,1,1,same_relevant_rank,False,tbl_049;tbl_059;tbl_044;tbl_047;tbl_023,tbl_049;tbl_059;tbl_047;tbl_044;tbl_007
q100,dev,tourism,semantic,Which cultural attractions drew the largest audiences and ticket revenue?,tbl_050,1,1,same_relevant_rank,False,tbl_050;tbl_048;tbl_044;tbl_047;tbl_046,tbl_050;tbl_048;tbl_051;tbl_044;tbl_047
q101,dev,tourism,lexical,How many active short-term rental listings and booked nights were recorded by destination?,tbl_051,1,1,same_relevant_rank,True,tbl_051;tbl_045;tbl_046;tbl_050;tbl_049,tbl_051;tbl_045;tbl_046;tbl_050;tbl_049
q104,dev,weather,semantic,Where and when were the hottest and coldest observed conditions recorded?,tbl_052,1,1,same_relevant_rank,False,tbl_052;tbl_058;tbl_055;tbl_057;tbl_060,tbl_052;tbl_059;tbl_058;tbl_060;tbl_055
q105,dev,weather,lexical,"How much monthly precipitation fell in each region, and on how many rain days?",tbl_053,1,1,same_relevant_rank,False,tbl_053;tbl_056;tbl_060;tbl_057;tbl_054,tbl_053;tbl_056;tbl_057;tbl_060;tbl_054
q108,dev,weather,semantic,Where were strong-wind conditions most frequent or intense?,tbl_054,1,1,same_relevant_rank,False,tbl_054;tbl_055;tbl_059;tbl_052;tbl_056,tbl_054;tbl_059;tbl_055;tbl_052;tbl_056
q109,dev,weather,lexical,Which severe weather events affected the largest area or lasted the most hours?,tbl_055,1,1,same_relevant_rank,False,tbl_055;tbl_053;tbl_015;tbl_057;tbl_059,tbl_055;tbl_053;tbl_057;tbl_015;tbl_059
q112,dev,weather,semantic,Which cities experienced the greatest number of persistently humid days?,tbl_056,1,1,same_relevant_rank,True,tbl_056;tbl_057;tbl_058;tbl_053;tbl_052,tbl_056;tbl_057;tbl_058;tbl_053;tbl_052
q113,dev,weather,lexical,Which destinations recorded the most sunshine hours and clear days?,tbl_057,1,1,same_relevant_rank,False,tbl_057;tbl_045;tbl_052;tbl_051;tbl_044,tbl_057;tbl_045;tbl_052;tbl_044;tbl_051
q116,dev,weather,semantic,Which locations showed the greatest weather-related heating demand?,tbl_058,1,1,same_relevant_rank,True,tbl_058;tbl_057;tbl_052;tbl_056;tbl_054,tbl_058;tbl_057;tbl_052;tbl_056;tbl_054
q117,dev,weather,lexical,"What were the sea temperature, wave height, and strong-wind days at each port?",tbl_059,1,1,same_relevant_rank,False,tbl_059;tbl_054;tbl_052;tbl_057;tbl_055,tbl_059;tbl_054;tbl_052;tbl_057;tbl_049
q120,dev,weather,semantic,Which mountain locations had the deepest snowpack and coldest weekly conditions?,tbl_060,1,1,same_relevant_rank,False,tbl_060;tbl_053;tbl_055;tbl_052;tbl_057,tbl_060;tbl_054;tbl_053;tbl_059;tbl_055
q006,test,healthcare,semantic,Where was staffed inpatient capacity under the greatest pressure?,tbl_003,1,1,same_relevant_rank,True,tbl_003;tbl_004;tbl_002;tbl_006;tbl_005,tbl_003;tbl_004;tbl_002;tbl_006;tbl_005
q007,test,healthcare,lexical,"How do physician FTE, nurse FTE, vacancies, and overtime compare across hospital departments?",tbl_004,1,1,same_relevant_rank,True,tbl_004;tbl_003;tbl_001;tbl_005;tbl_006,tbl_004;tbl_003;tbl_001;tbl_005;tbl_006
q010,test,healthcare,semantic,Where did discharged patients most often return for another admission within a month?,tbl_005,2,2,same_relevant_rank,True,tbl_001;tbl_005;tbl_006;tbl_008;tbl_002,tbl_001;tbl_005;tbl_006;tbl_008;tbl_002
q011,test,healthcare,lexical,"Which hospitals had the most scheduled appointments, completed appointments, and no-shows by month?",tbl_006,1,1,same_relevant_rank,True,tbl_006;tbl_008;tbl_001;tbl_002;tbl_007,tbl_006;tbl_008;tbl_001;tbl_002;tbl_007
q014,test,healthcare,semantic,Where were emergency vehicle handovers slowest or diversions longest?,tbl_007,1,1,same_relevant_rank,False,tbl_007;tbl_002;tbl_013;tbl_012;tbl_014,tbl_007;tbl_014;tbl_002;tbl_013;tbl_012
q015,test,healthcare,lexical,Which facilities had the highest surgery cancellation rates by month?,tbl_008,1,1,same_relevant_rank,False,tbl_008;tbl_006;tbl_001;tbl_003;tbl_002,tbl_008;tbl_007;tbl_006;tbl_005;tbl_001
q018,test,healthcare,semantic,Which imaging services handled the largest urgent workload and reporting delays?,tbl_009,1,1,same_relevant_rank,True,tbl_009;tbl_002;tbl_007;tbl_008;tbl_006,tbl_009;tbl_002;tbl_007;tbl_008;tbl_006
q019,test,public_safety,lexical,Which districts and crime categories had the most reported and cleared incidents?,tbl_010,1,1,same_relevant_rank,True,tbl_010;tbl_011;tbl_014;tbl_013;tbl_017,tbl_010;tbl_011;tbl_014;tbl_013;tbl_017
q022,test,public_safety,semantic,"Where was police custody activity highest, and how was it divided by age group?",tbl_011,1,1,same_relevant_rank,False,tbl_011;tbl_012;tbl_010;tbl_014;tbl_018,tbl_011;tbl_012;tbl_014;tbl_005;tbl_010
q023,test,public_safety,lexical,How do median and p90 police response times vary by district and priority level?,tbl_012,1,1,same_relevant_rank,False,tbl_012;tbl_002;tbl_016;tbl_007;tbl_011,tbl_012;tbl_002;tbl_007;tbl_016;tbl_015
q026,test,public_safety,semantic,"Where were the most serious traffic-safety outcomes concentrated, including incidents at night?",tbl_013,1,1,same_relevant_rank,True,tbl_013;tbl_018;tbl_015;tbl_016;tbl_012,tbl_013;tbl_018;tbl_015;tbl_016;tbl_012
q027,test,public_safety,lexical,Which districts reported the most stolen vehicles and what percentage were recovered?,tbl_014,1,1,same_relevant_rank,False,tbl_014;tbl_017;tbl_010;tbl_011;tbl_013,tbl_014;tbl_017;tbl_010;tbl_011;tbl_018
q030,test,public_safety,semantic,Where did emergencies cause the greatest property loss or slowest response?,tbl_015,1,1,same_relevant_rank,True,tbl_015;tbl_017;tbl_012;tbl_013;tbl_002,tbl_015;tbl_017;tbl_012;tbl_013;tbl_002
q031,test,public_safety,lexical,Which districts received the most noise and night complaints each month?,tbl_016,1,1,same_relevant_rank,False,tbl_016;tbl_010;tbl_012;tbl_045;tbl_003,tbl_016;tbl_012;tbl_010;tbl_013;tbl_045
q034,test,public_safety,semantic,Where was reported missing property most valuable and least often recovered?,tbl_017,1,1,same_relevant_rank,True,tbl_017;tbl_014;tbl_015;tbl_010;tbl_018,tbl_017;tbl_014;tbl_015;tbl_010;tbl_018
q035,test,public_safety,lexical,"How many drivers were checked, cited, or had vehicles impounded in each enforcement area?",tbl_018,1,1,same_relevant_rank,False,tbl_018;tbl_011;tbl_014;tbl_013;tbl_010,tbl_018;tbl_014;tbl_011;tbl_013;tbl_010
q038,test,software_engineering,semantic,Which codebases accumulated work or took longest to resolve maintenance requests?,tbl_019,1,1,same_relevant_rank,True,tbl_019;tbl_020;tbl_024;tbl_022;tbl_023,tbl_019;tbl_020;tbl_024;tbl_022;tbl_023
q039,test,software_engineering,lexical,"Which services had the most deployments, failures, and rollbacks by environment?",tbl_020,1,1,same_relevant_rank,False,tbl_020;tbl_023;tbl_021;tbl_019;tbl_024,tbl_020;tbl_023;tbl_021;tbl_019;tbl_026
q042,test,software_engineering,semantic,Which services produced the greatest customer disruption and took longest to recover?,tbl_021,1,1,same_relevant_rank,False,tbl_021;tbl_007;tbl_002;tbl_023;tbl_027,tbl_021;tbl_007;tbl_002;tbl_023;tbl_014
q043,test,software_engineering,lexical,"How do pull requests, first-review time, and merge time compare across engineering teams?",tbl_022,1,1,same_relevant_rank,False,tbl_022;tbl_024;tbl_019;tbl_020;tbl_012,tbl_022;tbl_024;tbl_020;tbl_019;tbl_023
q046,test,software_engineering,semantic,Where did users experience the weakest application reliability or slowest responses?,tbl_023,1,1,same_relevant_rank,True,tbl_023;tbl_022;tbl_019;tbl_027;tbl_020,tbl_023;tbl_022;tbl_019;tbl_027;tbl_020
q047,test,software_engineering,lexical,Which repositories had the most successful and failed CI pipeline runs?,tbl_024,1,1,same_relevant_rank,True,tbl_024;tbl_019;tbl_025;tbl_023;tbl_020,tbl_024;tbl_019;tbl_025;tbl_023;tbl_020
q050,test,software_engineering,semantic,Which codebases carried the largest unresolved vulnerability burden or fixed issues most slowly?,tbl_025,1,2,dense_improved,False,tbl_025;tbl_019;tbl_023;tbl_021;tbl_022,tbl_019;tbl_025;tbl_023;tbl_021;tbl_022
q051,test,software_engineering,lexical,"How are compute, storage, and network costs distributed across applications each month?",tbl_026,1,1,same_relevant_rank,True,tbl_026;tbl_023;tbl_024;tbl_020;tbl_027,tbl_026;tbl_023;tbl_024;tbl_020;tbl_027
q054,test,software_engineering,semantic,Where did customer problems take longest to resolve or return after closure?,tbl_027,4,4,same_relevant_rank,True,tbl_016;tbl_021;tbl_023;tbl_027;tbl_002,tbl_016;tbl_021;tbl_023;tbl_027;tbl_002
q055,test,employment,lexical,Which occupations and regions had the most advertised vacancies and what salaries were offered?,tbl_028,1,1,same_relevant_rank,False,tbl_028;tbl_029;tbl_030;tbl_032;tbl_031,tbl_028;tbl_029;tbl_030;tbl_034;tbl_032
q058,test,employment,semantic,How does the pay range change with seniority and location for different occupations?,tbl_029,1,1,same_relevant_rank,False,tbl_029;tbl_028;tbl_032;tbl_030;tbl_004,tbl_029;tbl_032;tbl_028;tbl_030;tbl_034
q059,test,employment,lexical,Which skills were mentioned most frequently in job advertisements for each occupation?,tbl_030,1,1,same_relevant_rank,False,tbl_030;tbl_028;tbl_031;tbl_029;tbl_034,tbl_030;tbl_028;tbl_029;tbl_031;tbl_034
q062,test,employment,semantic,Where did staffing agencies complete the most permanent versus temporary hires?,tbl_031,1,1,same_relevant_rank,True,tbl_031;tbl_033;tbl_004;tbl_028;tbl_034,tbl_031;tbl_033;tbl_004;tbl_028;tbl_034
q063,test,employment,lexical,How many people were employed in each region and industry by quarter?,tbl_032,1,1,same_relevant_rank,True,tbl_032;tbl_035;tbl_030;tbl_028;tbl_034,tbl_032;tbl_035;tbl_030;tbl_028;tbl_034
q066,test,employment,semantic,Which positions were hardest to fill and had the weakest offer acceptance or probation success?,tbl_033,1,1,same_relevant_rank,True,tbl_033;tbl_031;tbl_035;tbl_028;tbl_030,tbl_033;tbl_031;tbl_035;tbl_028;tbl_030
q067,test,employment,lexical,"What percentage of job postings were fully remote, hybrid, or onsite by occupation and region?",tbl_034,1,1,same_relevant_rank,True,tbl_034;tbl_028;tbl_030;tbl_032;tbl_031,tbl_034;tbl_028;tbl_030;tbl_032;tbl_031
q070,test,employment,semantic,Which courses achieved the strongest completion and employment outcomes within ninety days?,tbl_035,1,1,same_relevant_rank,False,tbl_035;tbl_033;tbl_005;tbl_030;tbl_031,tbl_035;tbl_033;tbl_030;tbl_034;tbl_005
q071,test,football,lexical,"What were the home goals, away goals, and results for National League matches?",tbl_036,1,1,same_relevant_rank,False,tbl_036;tbl_037;tbl_042;tbl_041;tbl_043,tbl_036;tbl_037;tbl_041;tbl_042;tbl_040
q074,test,football,semantic,Which clubs finished highest in the league table across the available seasons?,tbl_037,1,1,same_relevant_rank,False,tbl_037;tbl_036;tbl_038;tbl_041;tbl_040,tbl_037;tbl_036;tbl_038;tbl_041;tbl_042
q075,test,football,lexical,"Which players recorded the most appearances, minutes, goals, and assists?",tbl_038,2,1,weighted_improved,False,tbl_042;tbl_038;tbl_041;tbl_043;tbl_039,tbl_038;tbl_042;tbl_041;tbl_043;tbl_039
q078,test,football,semantic,Who had the poorest disciplinary record during the season?,tbl_039,1,1,same_relevant_rank,False,tbl_039;tbl_043;tbl_042;tbl_037;tbl_038,tbl_039;tbl_037;tbl_041;tbl_043;tbl_042
q079,test,football,lexical,"Which matches had the highest attendance, occupancy percentage, and away support?",tbl_040,1,1,same_relevant_rank,True,tbl_040;tbl_036;tbl_043;tbl_046;tbl_003,tbl_040;tbl_036;tbl_043;tbl_046;tbl_003
q082,test,football,semantic,Which clubs converted their attacking opportunities most efficiently?,tbl_041,1,1,same_relevant_rank,True,tbl_041;tbl_042;tbl_036;tbl_038;tbl_037,tbl_041;tbl_042;tbl_036;tbl_038;tbl_037
q083,test,football,lexical,"Which goalkeepers made the most saves, conceded the fewest goals, and kept the most clean sheets?",tbl_042,1,1,same_relevant_rank,False,tbl_042;tbl_039;tbl_041;tbl_038;tbl_036,tbl_042;tbl_041;tbl_039;tbl_038;tbl_036
q086,test,football,semantic,"Which clubs lost players for the greatest amount of time, and had those players returned to training?",tbl_043,1,1,same_relevant_rank,False,tbl_043;tbl_040;tbl_039;tbl_038;tbl_036,tbl_043;tbl_040;tbl_039;tbl_038;tbl_037
q087,test,tourism,lexical,"How many domestic, international, and total visitors arrived in each destination region by month?",tbl_044,1,1,same_relevant_rank,False,tbl_044;tbl_047;tbl_048;tbl_049;tbl_050,tbl_044;tbl_047;tbl_048;tbl_045;tbl_050
q090,test,tourism,semantic,Where did tourists stay for the most nights and for the longest average visit?,tbl_045,1,1,same_relevant_rank,False,tbl_045;tbl_051;tbl_046;tbl_044;tbl_048,tbl_045;tbl_051;tbl_046;tbl_048;tbl_044
q091,test,tourism,lexical,Which destinations and hotel categories had the highest room occupancy percentages and daily rates?,tbl_046,1,1,same_relevant_rank,True,tbl_046;tbl_051;tbl_045;tbl_003;tbl_048,tbl_046;tbl_051;tbl_045;tbl_003;tbl_048
q094,test,tourism,semantic,Which airports handled the greatest traveller volume and aircraft activity?,tbl_047,1,1,same_relevant_rank,False,tbl_047;tbl_049;tbl_044;tbl_007;tbl_048,tbl_047;tbl_049;tbl_044;tbl_007;tbl_051
q095,test,tourism,lexical,"What were average trip spend, daily spend, and total estimated visitor expenditure by origin and destination?",tbl_048,1,1,same_relevant_rank,False,tbl_048;tbl_044;tbl_051;tbl_047;tbl_045,tbl_048;tbl_044;tbl_051;tbl_046;tbl_045
q098,test,tourism,semantic,Which ports received the most transit and home-port cruise travellers?,tbl_049,1,1,same_relevant_rank,True,tbl_049;tbl_059;tbl_047;tbl_044;tbl_048,tbl_049;tbl_059;tbl_047;tbl_044;tbl_048
q099,test,tourism,lexical,"How many paid, free-admission, and total visitors entered each museum?",tbl_050,1,1,same_relevant_rank,False,tbl_050;tbl_048;tbl_046;tbl_051;tbl_044,tbl_050;tbl_048;tbl_046;tbl_044;tbl_051
q102,test,tourism,semantic,"Where were holiday rentals most occupied, expensive, or profitable?",tbl_051,1,1,same_relevant_rank,False,tbl_051;tbl_046;tbl_045;tbl_048;tbl_050,tbl_051;tbl_046;tbl_003;tbl_045;tbl_048
q103,test,weather,lexical,"What were the minimum, maximum, and average daily temperatures at each weather station?",tbl_052,1,1,same_relevant_rank,False,tbl_052;tbl_060;tbl_054;tbl_058;tbl_059,tbl_052;tbl_060;tbl_054;tbl_056;tbl_059
q106,test,weather,semantic,Which areas were unusually wet or dry compared with normal rainfall?,tbl_053,1,1,same_relevant_rank,True,tbl_053;tbl_056;tbl_060;tbl_055;tbl_057,tbl_053;tbl_056;tbl_060;tbl_055;tbl_057
q107,test,weather,lexical,"What were the average wind speed, maximum gust, and prevailing direction at each station?",tbl_054,1,1,same_relevant_rank,False,tbl_054;tbl_059;tbl_052;tbl_060;tbl_056,tbl_054;tbl_059;tbl_052;tbl_060;tbl_055
q110,test,weather,semantic,Where did extreme conditions provide the shortest warning before impact?,tbl_055,1,1,same_relevant_rank,False,tbl_055;tbl_015;tbl_013;tbl_012;tbl_021,tbl_055;tbl_015;tbl_013;tbl_012;tbl_059
q111,test,weather,lexical,"What were the average, minimum, and maximum relative humidity levels by city and month?",tbl_056,1,1,same_relevant_rank,False,tbl_056;tbl_058;tbl_053;tbl_054;tbl_057,tbl_056;tbl_058;tbl_053;tbl_054;tbl_060
q114,test,weather,semantic,Where were skies clearest and solar-energy exposure strongest?,tbl_057,1,1,same_relevant_rank,False,tbl_057;tbl_055;tbl_052;tbl_054;tbl_060,tbl_057;tbl_060;tbl_034;tbl_055;tbl_052
q115,test,weather,lexical,What were the monthly heating degree days and average temperatures for each city?,tbl_058,1,1,same_relevant_rank,False,tbl_058;tbl_057;tbl_056;tbl_053;tbl_052,tbl_058;tbl_056;tbl_057;tbl_053;tbl_054
q118,test,weather,semantic,Which ports experienced the roughest marine conditions and longest service disruption?,tbl_059,1,1,same_relevant_rank,False,tbl_059;tbl_049;tbl_020;tbl_023;tbl_021,tbl_059;tbl_023;tbl_049;tbl_020;tbl_021
q119,test,weather,lexical,How much new snow and average snow depth were measured at each mountain station by week?,tbl_060,1,1,same_relevant_rank,False,tbl_060;tbl_053;tbl_056;tbl_057;tbl_054,tbl_060;tbl_053;tbl_054;tbl_052;tbl_056
