split,method,query_type,query_count,hit_rate_at_1,hit_rate_at_3,hit_rate_at_5,mrr
dev,BM25,lexical,30,1.0,1.0,1.0,1.0
dev,BM25,semantic,30,0.5666666666666667,0.8333333333333334,0.8666666666666667,0.701388888888889
dev,Dense,lexical,30,1.0,1.0,1.0,1.0
dev,Dense,semantic,30,0.7666666666666667,0.9666666666666667,1.0,0.875
dev,RRF,lexical,30,1.0,1.0,1.0,1.0
dev,RRF,semantic,30,0.7666666666666667,0.9333333333333333,0.9666666666666667,0.8422222222222222
dev,Weighted a=0.8,lexical,30,1.0,1.0,1.0,1.0
dev,Weighted a=0.8,semantic,30,0.8666666666666667,1.0,1.0,0.9222222222222223
test,BM25,lexical,29,0.9310344827586207,1.0,1.0,0.9655172413793104
test,BM25,semantic,29,0.5517241379310345,0.6206896551724138,0.7241379310344828,0.6162835249042146
test,Dense,lexical,29,0.9655172413793104,1.0,1.0,0.9827586206896551
test,Dense,semantic,29,0.9310344827586207,0.9655172413793104,1.0,0.9568965517241379
test,RRF,lexical,29,1.0,1.0,1.0,1.0
test,RRF,semantic,29,0.7241379310344828,0.896551724137931,0.896551724137931,0.8173297966401415
test,Weighted a=0.8,lexical,29,1.0,1.0,1.0,1.0
test,Weighted a=0.8,semantic,29,0.896551724137931,0.9655172413793104,1.0,0.9396551724137931
