split,method,domain,query_count,hit_rate_at_1,hit_rate_at_3,hit_rate_at_5,mrr
dev,BM25,employment,8,0.75,1.0,1.0,0.8541666666666666
dev,BM25,football,8,0.625,0.875,0.875,0.75
dev,BM25,healthcare,9,1.0,1.0,1.0,1.0
dev,BM25,public_safety,9,0.7777777777777778,0.7777777777777778,0.8888888888888888,0.8055555555555556
dev,BM25,software_engineering,9,0.8888888888888888,1.0,1.0,0.9444444444444444
dev,BM25,tourism,8,0.75,0.875,0.875,0.8072916666666666
dev,BM25,weather,9,0.6666666666666666,0.8888888888888888,0.8888888888888888,0.7777777777777778
dev,Dense,employment,8,0.75,1.0,1.0,0.875
dev,Dense,football,8,0.75,0.875,1.0,0.84375
dev,Dense,healthcare,9,1.0,1.0,1.0,1.0
dev,Dense,public_safety,9,0.8888888888888888,1.0,1.0,0.9444444444444444
dev,Dense,software_engineering,9,0.7777777777777778,1.0,1.0,0.8888888888888888
dev,Dense,tourism,8,1.0,1.0,1.0,1.0
dev,Dense,weather,9,1.0,1.0,1.0,1.0
dev,RRF,employment,8,1.0,1.0,1.0,1.0
dev,RRF,football,8,0.625,1.0,1.0,0.7708333333333334
dev,RRF,healthcare,9,1.0,1.0,1.0,1.0
dev,RRF,public_safety,9,0.7777777777777778,0.8888888888888888,1.0,0.8555555555555556
dev,RRF,software_engineering,9,1.0,1.0,1.0,1.0
dev,RRF,tourism,8,0.875,1.0,1.0,0.9166666666666666
dev,RRF,weather,9,0.8888888888888888,0.8888888888888888,0.8888888888888888,0.8962962962962963
dev,Weighted a=0.8,employment,8,0.875,1.0,1.0,0.9166666666666666
dev,Weighted a=0.8,football,8,0.75,1.0,1.0,0.8541666666666666
dev,Weighted a=0.8,healthcare,9,1.0,1.0,1.0,1.0
dev,Weighted a=0.8,public_safety,9,1.0,1.0,1.0,1.0
dev,Weighted a=0.8,software_engineering,9,1.0,1.0,1.0,1.0
dev,Weighted a=0.8,tourism,8,0.875,1.0,1.0,0.9375
dev,Weighted a=0.8,weather,9,1.0,1.0,1.0,1.0
test,BM25,employment,8,0.875,0.875,0.875,0.8888888888888888
test,BM25,football,8,0.625,0.75,0.875,0.71875
test,BM25,healthcare,7,0.7142857142857143,0.7142857142857143,0.8571428571428571,0.7428571428571429
test,BM25,public_safety,9,0.8888888888888888,0.8888888888888888,1.0,0.911111111111111
test,BM25,software_engineering,9,0.4444444444444444,0.6666666666666666,0.6666666666666666,0.5679012345679012
test,BM25,tourism,8,0.875,0.875,0.875,0.875
test,BM25,weather,9,0.7777777777777778,0.8888888888888888,0.8888888888888888,0.8333333333333334
test,Dense,employment,8,1.0,1.0,1.0,1.0
test,Dense,football,8,0.875,1.0,1.0,0.9375
test,Dense,healthcare,7,0.8571428571428571,1.0,1.0,0.9285714285714286
test,Dense,public_safety,9,1.0,1.0,1.0,1.0
test,Dense,software_engineering,9,0.8888888888888888,0.8888888888888888,1.0,0.9166666666666666
test,Dense,tourism,8,1.0,1.0,1.0,1.0
test,Dense,weather,9,1.0,1.0,1.0,1.0
test,RRF,employment,8,0.875,1.0,1.0,0.9375
test,RRF,football,8,0.875,1.0,1.0,0.9375
test,RRF,healthcare,7,0.8571428571428571,0.8571428571428571,0.8571428571428571,0.8608058608058607
test,RRF,public_safety,9,0.8888888888888888,1.0,1.0,0.9444444444444444
test,RRF,software_engineering,9,0.7777777777777778,0.8888888888888888,0.8888888888888888,0.8444444444444444
test,RRF,tourism,8,0.875,1.0,1.0,0.9375
test,RRF,weather,9,0.8888888888888888,0.8888888888888888,0.8888888888888888,0.8974358974358974
test,Weighted a=0.8,employment,8,1.0,1.0,1.0,1.0
test,Weighted a=0.8,football,8,1.0,1.0,1.0,1.0
test,Weighted a=0.8,healthcare,7,0.8571428571428571,1.0,1.0,0.9285714285714286
test,Weighted a=0.8,public_safety,9,1.0,1.0,1.0,1.0
test,Weighted a=0.8,software_engineering,9,0.7777777777777778,0.8888888888888888,1.0,0.8611111111111112
test,Weighted a=0.8,tourism,8,1.0,1.0,1.0,1.0
test,Weighted a=0.8,weather,9,1.0,1.0,1.0,1.0
